hour, t(sec), P1 (kW), Q1 (kvar), P2 (kW), Q2 (kvar), P3 (kW), Q3 (kvar), P4 (kW), Q4 (kvar)
0, 60.00000, -0.321651, 8.60368E-005, -0.321651, 8.60368E-005, -0.321651, 8.60368E-005, 0, 0
0, 120.00000, -0.321688, -1.73322E-005, -0.321688, -1.73322E-005, -0.321688, -1.73322E-005, 0, 0
0, 180.00000, -0.321685, 3.39552E-006, -0.321685, 3.39552E-006, -0.321685, 3.39553E-006, 0, 0
0, 240.00000, -0.32178, -6.64127E-007, -0.32178, -6.6413E-007, -0.32178, -6.6413E-007, 0, 0
0, 300.00000, -0.32185, 1.1442E-007, -0.32185, 1.14423E-007, -0.32185, 1.1442E-007, 0, 0
0, 360.00000, -0.321705, 6.00391E-009, -0.321705, 6.00424E-009, -0.321705, 6.00616E-009, 0, 0
0, 420.00000, -0.321694, -4.61994E-009, -0.321694, -4.62172E-009, -0.321694, -4.62133E-009, 0, 0
0, 480.00000, -0.321733, -5.05638E-009, -0.321733, -5.05539E-009, -0.321733, -5.05679E-009, 0, 0
0, 540.00000, -0.321561, 3.15639E-008, -0.321561, 3.15643E-008, -0.321561, 3.1565E-008, 0, 0
0, 600.00000, -0.321468, 4.04689E-009, -0.321468, 4.04603E-009, -0.321468, 4.0464E-009, 0, 0
0, 660.00000, -0.321445, 1.15436E-009, -0.321445, 1.1547E-009, -0.321445, 1.15404E-009, 0, 0
0, 720.00000, -0.321554, -1.92005E-008, -0.321554, -1.92002E-008, -0.321554, -1.92E-008, 0, 0
0, 780.00000, -0.321611, -2.41375E-009, -0.321611, -2.41414E-009, -0.321611, -2.4139E-009, 0, 0
0, 840.00000, -0.321685, -1.11608E-008, -0.321685, -1.11607E-008, -0.321685, -1.1161E-008, 0, 0
0, 900.00000, -0.321685, 4.34602E-009, -0.321685, 4.34619E-009, -0.321685, 4.34624E-009, 0, 0
0, 960.00000, -0.321685, -1.24051E-009, -0.321685, -1.24067E-009, -0.321685, -1.24053E-009, 0, 0
0, 1020.00000, -0.321687, -7.70297E-011, -0.321687, -7.70182E-011, -0.321687, -7.71437E-011, 0, 0
0, 1080.00000, -0.321667, 3.56604E-009, -0.321667, 3.56613E-009, -0.321667, 3.56613E-009, 0, 0
0, 1140.00000, -0.321558, 1.72527E-008, -0.321558, 1.72526E-008, -0.321558, 1.72527E-008, 0, 0
0, 1200.00000, -0.32145, 1.18931E-008, -0.32145, 1.18931E-008, -0.32145, 1.1893E-008, 0, 0
0, 1260.00000, -0.321529, -1.87484E-008, -0.321529, -1.87483E-008, -0.321529, -1.87483E-008, 0, 0
0, 1320.00000, -0.321631, -1.07426E-008, -0.321631, -1.07427E-008, -0.321631, -1.07426E-008, 0, 0
0, 1380.00000, -0.321685, -4.51054E-009, -0.321685, -4.51055E-009, -0.321685, -4.51057E-009, 0, 0
0, 1440.00000, -0.321766, -1.18441E-008, -0.321766, -1.1844E-008, -0.321766, -1.18441E-008, 0, 0
0, 1500.00000, -0.321832, -6.56659E-009, -0.321832, -6.5666E-009, -0.321832, -6.56658E-009, 0, 0
0, 1560.00000, -0.321884, -5.97898E-009, -0.321884, -5.97898E-009, -0.321884, -5.97899E-009, 0, 0
0, 1620.00000, -0.321909, -1.74381E-009, -0.321909, -1.7438E-009, -0.321909, -1.74381E-009, 0, 0
0, 1680.00000, -0.322085, -2.94004E-008, -0.322085, -2.94004E-008, -0.322085, -2.94004E-008, 0, 0
0, 1740.00000, -0.322207, -9.69663E-009, -0.322207, -9.69663E-009, -0.322207, -9.69663E-009, 0, 0
0, 1800.00000, -0.32232, -1.46328E-008, -0.32232, -1.46328E-008, -0.32232, -1.46328E-008, 0, 0
0, 1860.00000, -0.322334, 3.61068E-009, -0.322334, 3.61068E-009, -0.322334, 3.61069E-009, 0, 0
0, 1920.00000, -0.322359, -5.10571E-009, -0.322359, -5.10571E-009, -0.322359, -5.10571E-009, 0, 0
0, 1980.00000, -0.322558, -3.24092E-008, -0.322558, -3.24092E-008, -0.322558, -3.24092E-008, 0, 0
0, 2040.00000, -0.322639, -1.45103E-009, -0.322639, -1.45103E-009, -0.322639, -1.45103E-009, 0, 0
0, 2100.00000, -0.32263, 3.31973E-009, -0.32263, 3.31973E-009, -0.32263, 3.31973E-009, 0, 0
0, 2160.00000, -0.322675, -8.99264E-009, -0.322675, -8.99263E-009, -0.322675, -8.99264E-009, 0, 0
0, 2220.00000, -0.322693, 1.92928E-010, -0.322693, 1.92928E-010, -0.322693, 1.92929E-010, 0, 0
0, 2280.00000, -0.322734, -6.74165E-009, -0.322734, -6.74165E-009, -0.322734, -6.74165E-009, 0, 0
0, 2340.00000, -0.322851, -1.76763E-008, -0.322851, -1.76763E-008, -0.322851, -1.76763E-008, 0, 0
0, 2400.00000, -0.322942, -8.57992E-009, -0.322942, -8.57992E-009, -0.322942, -8.57992E-009, 0, 0
0, 2460.00000, -0.323091, -2.17755E-008, -0.323091, -2.17755E-008, -0.323091, -2.17755E-008, 0, 0
0, 2520.00000, -0.323276, -2.33311E-008, -0.323276, -2.33311E-008, -0.323276, -2.33311E-008, 0, 0
0, 2580.00000, -0.323269, 1.08796E-008, -0.323269, 1.08796E-008, -0.323269, 1.08796E-008, 0, 0
0, 2640.00000, -0.323308, -9.90455E-009, -0.323308, -9.90455E-009, -0.323308, -9.90455E-009, 0, 0
0, 2700.00000, -0.323029, 5.12726E-008, -0.323029, 5.12726E-008, -0.323029, 5.12726E-008, 0, 0
0, 2760.00000, -0.322942, -3.99205E-009, -0.322942, -3.99205E-009, -0.322942, -3.99205E-009, 0, 0
0, 2820.00000, -0.322921, 3.11227E-009, -0.322921, 3.11227E-009, -0.322921, 3.11227E-009, 0, 0
0, 2880.00000, -0.322788, 2.1924E-008, -0.322788, 2.1924E-008, -0.322788, 2.1924E-008, 0, 0
0, 2940.00000, -0.322691, 8.2555E-009, -0.322691, 8.2555E-009, -0.322691, 8.2555E-009, 0, 0
0, 3000.00000, -0.32256, 1.85913E-008, -0.32256, 1.85913E-008, -0.32256, 1.85913E-008, 0, 0
0, 3060.00000, -0.322363, 2.64206E-008, -0.322363, 2.64206E-008, -0.322363, 2.64206E-008, 0, 0
0, 3120.00000, -0.322225, 1.2934E-008, -0.322225, 1.2934E-008, -0.322225, 1.2934E-008, 0, 0
0, 3180.00000, -0.322187, 6.86001E-010, -0.322187, 6.86001E-010, -0.322187, 6.86001E-010, 0, 0
0, 3240.00000, -0.32218, 4.20822E-010, -0.32218, 4.20822E-010, -0.32218, 4.20822E-010, 0, 0
0, 3300.00000, -0.32218, -1.86089E-010, -0.32218, -1.86089E-010, -0.32218, -1.86089E-010, 0, 0
0, 3360.00000, -0.322178, 4.43685E-010, -0.322178, 4.43685E-010, -0.322178, 4.43685E-010, 0, 0
0, 3420.00000, -0.322153, 4.11025E-009, -0.322153, 4.11025E-009, -0.322153, 4.11025E-009, 0, 0
0, 3480.00000, -0.322164, -3.5261E-009, -0.322164, -3.5261E-009, -0.322164, -3.5261E-009, 0, 0
0, 3540.00000, -0.322148, 3.90989E-009, -0.322148, 3.90989E-009, -0.322148, 3.90989E-009, 0, 0
1, 0.00000, -0.322123, 2.91289E-009, -0.322123, 2.91289E-009, -0.322123, 2.91289E-009, 0, 0
1, 60.00000, -0.322166, -8.63697E-009, -0.322166, -8.63697E-009, -0.322166, -8.63697E-009, 0, 0
1, 120.00000, -0.322178, 1.24271E-009, -0.322178, 1.24271E-009, -0.322178, 1.24271E-009, 0, 0
1, 180.00000, -0.322264, -1.49159E-008, -0.322264, -1.49159E-008, -0.322264, -1.49159E-008, 0, 0
1, 240.00000, -0.322279, 2.92188E-009, -0.322279, 2.92188E-009, -0.322279, 2.92188E-009, 0, 0
1, 300.00000, -0.322293, -2.88868E-009, -0.322293, -2.88868E-009, -0.322293, -2.88868E-009, 0, 0
1, 360.00000, -0.322307, -1.33907E-009, -0.322307, -1.33907E-009, -0.322307, -1.33907E-009, 0, 0
1, 420.00000, -0.322293, 2.94994E-009, -0.322293, 2.94994E-009, -0.322293, 2.94994E-009, 0, 0
1, 480.00000, -0.322313, -4.57238E-009, -0.322313, -4.57238E-009, -0.322313, -4.57238E-009, 0, 0
1, 540.00000, -0.38693, 3.49642E-005, -0.38693, 3.49642E-005, -0.38693, 3.49642E-005, 0, 0
1, 600.00000, -0.386861, -6.37935E-006, -0.386861, -6.37935E-006, -0.386861, -6.37935E-006, 0, 0
1, 660.00000, -0.451391, 4.11471E-005, -0.451391, 4.11471E-005, -0.451391, 4.11471E-005, 0, 0
1, 720.00000, -0.451261, -7.51262E-006, -0.451261, -7.51262E-006, -0.451261, -7.51262E-006, 0, 0
1, 780.00000, -0.451268, 1.328E-006, -0.451268, 1.328E-006, -0.451268, 1.328E-006, 0, 0
1, 840.00000, -0.45134, -2.43438E-007, -0.45134, -2.43438E-007, -0.45134, -2.43438E-007, 0, 0
1, 900.00000, -0.516051, 4.66865E-005, -0.516051, 4.66865E-005, -0.516051, 4.66865E-005, 0, 0
1, 960.00000, -0.580682, 5.02776E-005, -0.580682, 5.02776E-005, -0.580682, 5.02776E-005, 0, 0
1, 1020.00000, -0.709971, 0.0001252, -0.709971, 0.0001252, -0.709971, 0.0001252, 0, 0
1, 1080.00000, -0.839598, 0.000145286, -0.839598, 0.000145286, -0.839598, 0.000145286, 0, 0
1, 1140.00000, -0.969186, 0.000167052, -0.969186, 0.000167052, -0.969186, 0.000167052, 0, 0
1, 1200.00000, -1.03392, 8.47068E-005, -1.03392, 8.47068E-005, -1.03392, 8.47068E-005, 0, 0
1, 1260.00000, -0.968931, -9.21726E-005, -0.968931, -9.21726E-005, -0.968931, -9.21726E-005, 0, 0
1, 1320.00000, -0.969041, 1.70183E-005, -0.969041, 1.70183E-005, -0.969041, 1.70183E-005, 0, 0
1, 1380.00000, -0.904335, -8.23705E-005, -0.904335, -8.23705E-005, -0.904335, -8.23705E-005, 0, 0
1, 1440.00000, -0.839849, -7.24891E-005, -0.839849, -7.24891E-005, -0.839849, -7.24891E-005, 0, 0
1, 1500.00000, -0.840607, 1.27252E-005, -0.840607, 1.27252E-005, -0.840607, 1.27252E-005, 0, 0
1, 1560.00000, -0.841241, -2.43274E-006, -0.841241, -2.43274E-006, -0.841241, -2.43274E-006, 0, 0
1, 1620.00000, -0.841064, 5.3124E-007, -0.841064, 5.3124E-007, -0.841064, 5.3124E-007, 0, 0
1, 1680.00000, -0.841768, -4.26223E-007, -0.841768, -4.26223E-007, -0.841768, -4.26223E-007, 0, 0
1, 1740.00000, -0.842476, -1.74509E-007, -0.842476, -1.74509E-007, -0.842476, -1.74509E-007, 0, 0
1, 1800.00000, -0.84329, -2.82693E-007, -0.84329, -2.82693E-007, -0.84329, -2.82693E-007, 0, 0
1, 1860.00000, -0.908829, 8.29057E-005, -0.908829, 8.29057E-005, -0.908829, 8.29057E-005, 0, 0
1, 1920.00000, -0.908936, -1.52211E-005, -0.908936, -1.52211E-005, -0.908936, -1.52211E-005, 0, 0
1, 1980.00000, -0.974096, 8.93589E-005, -0.974096, 8.93589E-005, -0.974096, 8.93589E-005, 0, 0
1, 2040.00000, -1.10535, 0.000198134, -1.10535, 0.000198134, -1.10535, 0.000198134, 0, 0
1, 2100.00000, -1.23743, 0.000217702, -1.23743, 0.000217702, -1.23743, 0.000217702, 0, 0
1, 2160.00000, -1.369, 0.00023903, -1.369, 0.00023903, -1.369, 0.00023903, 0, 0
1, 2220.00000, -1.43413, 0.000117869, -1.43413, 0.000117869, -1.43413, 0.000117869, 0, 0
1, 2280.00000, -1.43282, -1.98826E-005, -1.43282, -1.98826E-005, -1.43282, -1.98826E-005, 0, 0
1, 2340.00000, -1.56421, 0.000287778, -1.56421, 0.000287778, -1.56421, 0.000287778, 0, 0
1, 2400.00000, -1.63027, 0.000137513, -1.63027, 0.000137513, -1.63027, 0.000137513, 0, 0
1, 2460.00000, -1.69607, 0.000146917, -1.69607, 0.000146917, -1.69607, 0.000146917, 0, 0
1, 2520.00000, -1.82678, 0.000323779, -1.82678, 0.000323779, -1.82678, 0.000323779, 0, 0
1, 2580.00000, -1.95931, 0.000344713, -1.95931, 0.000344713, -1.95931, 0.000344713, 0, 0
1, 2640.00000, -2.15593, 0.000569091, -2.15593, 0.000569091, -2.15593, 0.000569091, 0, 0
1, 2700.00000, -2.28753, 0.000389288, -2.28753, 0.000389288, -2.28753, 0.000389288, 0, 0
1, 2760.00000, -2.48485, 0.000656097, -2.48485, 0.000656097, -2.48485, 0.000656097, 0, 0
1, 2820.00000, -3.07901, -0.000452058, -3.07901, -0.000452058, -3.07901, -0.000452058, 0, 0
1, 2880.00000, -3.47666, -0.000353516, -3.47666, -0.000353516, -3.47666, -0.000353516, 0, 0
1, 2940.00000, -4.00633, -0.000535299, -4.00633, -0.000535299, -4.00633, -0.000535299, 0, 0
1, 3000.00000, -4.46838, -0.000520973, -4.46838, -0.000520973, -4.46838, -0.000520973, 0, 0
1, 3060.00000, -4.79732, 0.00217779, -4.79732, 0.00217779, -4.79732, 0.00217779, 0, 0
1, 3120.00000, -4.99116, 0.0012288, -4.99116, 0.0012288, -4.99116, 0.0012288, 0, 0
1, 3180.00000, -5.18577, 0.00130354, -5.18577, 0.00130354, -5.18577, 0.00130354, 0, 0
1, 3240.00000, -5.24395, 0.000353056, -5.24395, 0.000353056, -5.24395, 0.000353056, 0, 0
1, 3300.00000, -6.97307, 0.000512182, -6.97307, 0.000512182, -6.97307, 0.000512182, 0, 0
1, 3360.00000, -10.1483, 0.00130295, -10.1483, 0.00130295, -10.1483, 0.00130295, 0, 0
1, 3420.00000, -7.27862, -0.000864186, -7.27862, -0.000864186, -7.27862, -0.000864186, 0, 0
1, 3480.00000, -2.57917, -0.000176883, -2.57917, -0.000176883, -2.57917, -0.000176883, 0, 0
1, 3540.00000, -2.3855, -0.000650489, -2.3855, -0.000650489, -2.3855, -0.000650489, 0, 0
2, 0.00000, -2.3877, 0.000115866, -2.3877, 0.000115866, -2.3877, 0.000115866, 0, 0
2, 60.00000, -2.5851, 0.000696401, -2.5851, 0.000696401, -2.5851, 0.000696401, 0, 0
2, 120.00000, -2.26043, -0.00103935, -2.26043, -0.00103935, -2.26043, -0.00103935, 0, 0
2, 180.00000, -1.93664, 0.000150228, -1.93664, 0.000150228, -1.93664, 0.000150228, 0, 0
2, 240.00000, -1.80818, -0.00033099, -1.80818, -0.00033099, -1.80818, -0.00033099, 0, 0
2, 300.00000, -1.74488, -0.00014114, -1.74488, -0.00014114, -1.74488, -0.00014114, 0, 0
2, 360.00000, -1.74589, 2.40597E-005, -1.74589, 2.40597E-005, -1.74589, 2.40597E-005, 0, 0
2, 420.00000, -1.74692, -4.87453E-006, -1.74692, -4.87453E-006, -1.74692, -4.87453E-006, 0, 0
2, 480.00000, -1.7473, 6.06173E-007, -1.7473, 6.06173E-007, -1.7473, 6.06173E-007, 0, 0
2, 540.00000, -1.81285, 0.00016467, -1.81285, 0.00016467, -1.81285, 0.00016467, 0, 0
2, 600.00000, -1.87831, 0.000163567, -1.87831, 0.000163567, -1.87831, 0.000163567, 0, 0
2, 660.00000, -1.94433, 0.000169822, -1.94433, 0.000169822, -1.94433, 0.000169822, 0, 0
2, 720.00000, -2.07577, 0.000369393, -2.07577, 0.000369393, -2.07577, 0.000369393, 0, 0
2, 780.00000, -2.33865, -0.000151036, -2.33865, -0.000151036, -2.33865, -0.000151036, 0, 0
2, 840.00000, -2.60152, 0.000954744, -2.60152, 0.000954744, -2.60152, 0.000954744, 0, 0
2, 900.00000, -3.12783, -0.000403151, -3.12783, -0.000403151, -3.12783, -0.000403151, 0, 0
2, 960.00000, -3.78808, -0.000633164, -3.78808, -0.000633164, -3.78808, -0.000633164, 0, 0
2, 1020.00000, -5.18196, 0.000317605, -5.18196, 0.000317605, -5.18196, 0.000317605, 0, 0
2, 1080.00000, -12.2638, 0.000999437, -12.2638, 0.000999437, -12.2638, 0.000999437, 0, 0
2, 1140.00000, -12.8632, -0.00172586, -12.8632, -0.00172586, -12.8632, -0.00172586, 0, 0
2, 1200.00000, -11.6508, 0.000737487, -11.6508, 0.000737487, -11.6508, 0.000737487, 0, 0
2, 1260.00000, -17.4739, 0.00344214, -17.4739, 0.00344214, -17.4739, 0.00344214, 0, 0
2, 1320.00000, -20.6672, 0.00196131, -20.6672, 0.00196131, -20.6672, 0.00196131, 0, 0
2, 1380.00000, -20.444, -0.00537116, -20.444, -0.00537116, -20.444, -0.00537116, 0, 0
2, 1440.00000, -20.022, 0.00157458, -20.022, 0.00157458, -20.022, 0.00157458, 0, 0
2, 1500.00000, -19.427, 0.00225128, -19.427, 0.00225128, -19.427, 0.00225128, 0, 0
2, 1560.00000, -19.4311, -0.000404476, -19.4311, -0.000404476, -19.4311, -0.000404476, 0, 0
2, 1620.00000, -20.0954, -0.0025544, -20.0954, -0.0025544, -20.0954, -0.0025544, 0, 0
2, 1680.00000, -20.9259, -0.00327977, -20.9259, -0.00327977, -20.9259, -0.00327977, 0, 0
2, 1740.00000, -21.6404, -0.00287145, -21.6404, -0.00287145, -21.6404, -0.00287145, 0, 0
2, 1800.00000, -21.6858, -6.30447E-006, -21.6858, -6.30447E-006, -21.6858, -6.30448E-006, 0, 0
2, 1860.00000, -21.4885, -0.00496582, -21.4885, -0.00496582, -21.4885, -0.00496582, 0, 0
2, 1920.00000, -21.3468, -0.003289, -21.3468, -0.003289, -21.3468, -0.003289, 0, 0
2, 1980.00000, -21.329, 0.000709394, -21.329, 0.000709394, -21.329, 0.000709394, 0, 0
2, 2040.00000, -21.4438, 0.00282977, -21.4438, 0.00282977, -21.4438, 0.00282977, 0, 0
2, 2100.00000, -21.9635, -0.00205753, -21.9635, -0.00205753, -21.9635, -0.00205753, 0, 0
2, 2160.00000, -22.4527, -0.00199177, -22.4527, -0.00199177, -22.4527, -0.00199177, 0, 0
2, 2220.00000, -23.5533, -0.00454208, -23.5533, -0.00454208, -23.5533, -0.00454208, 0, 0
2, 2280.00000, -25.1382, -0.00668045, -25.1382, -0.00668045, -25.1382, -0.00668045, 0, 0
2, 2340.00000, -27.3172, -0.00201816, -27.3172, -0.00201816, -27.3172, -0.00201816, 0, 0
2, 2400.00000, -28.7716, -0.0061614, -28.7716, -0.0061614, -28.7716, -0.0061614, 0, 0
2, 2460.00000, -26.9269, 0.00182066, -26.9269, 0.00182066, -26.9269, 0.00182066, 0, 0
2, 2520.00000, -21.1323, -0.00342776, -21.1323, -0.00342776, -21.1323, -0.00342776, 0, 0
2, 2580.00000, -7.8263, 0.000651886, -7.8263, 0.000651886, -7.8263, 0.000651886, 0, 0
2, 2640.00000, -6.63435, -0.000335026, -6.63435, -0.000335026, -6.63435, -0.000335026, 0, 0
2, 2700.00000, -5.13459, -0.000329563, -5.13459, -0.000329563, -5.13459, -0.000329563, 0, 0
2, 2760.00000, -4.33759, 0.000851634, -4.33759, 0.000851634, -4.33759, 0.000851634, 0, 0
2, 2820.00000, -4.16649, -0.00101824, -4.16649, -0.00101824, -4.16649, -0.00101824, 0, 0
2, 2880.00000, -11.3815, -0.000550212, -11.3815, -0.000550212, -11.3815, -0.000550212, 0, 0
2, 2940.00000, -6.88768, -0.000428421, -6.88768, -0.000428421, -6.88768, -0.000428421, 0, 0
2, 3000.00000, -8.93197, 0.000752304, -8.93197, 0.000752304, -8.93197, 0.000752304, 0, 0
2, 3060.00000, -19.5965, -0.00103887, -19.5965, -0.00103887, -19.5965, -0.00103887, 0, 0
2, 3120.00000, -25.0461, 0.00343394, -25.0461, 0.00343394, -25.0461, 0.00343394, 0, 0
2, 3180.00000, -24.9949, -0.00154331, -24.9949, -0.00154331, -24.9949, -0.00154331, 0, 0
2, 3240.00000, -25.0354, -0.000227778, -25.0354, -0.000227778, -25.0354, -0.000227778, 0, 0
2, 3300.00000, -25.2664, 0.00614694, -25.2664, 0.00614694, -25.2664, 0.00614694, 0, 0
2, 3360.00000, -25.2174, -0.000376002, -25.2174, -0.000376002, -25.2174, -0.000376002, 0, 0
2, 3420.00000, -25.2458, -0.000345396, -25.2458, -0.000345396, -25.2458, -0.000345396, 0, 0
2, 3480.00000, -25.3893, 0.00380666, -25.3893, 0.00380666, -25.3893, 0.00380666, 0, 0
2, 3540.00000, -25.5678, 0.00476306, -25.5678, 0.00476306, -25.5678, 0.00476306, 0, 0
3, 0.00000, -25.9726, 0.0110069, -25.9726, 0.0110069, -25.9726, 0.0110069, 0, 0
3, 60.00000, -26.1083, 0.00340835, -26.1083, 0.00340835, -26.1083, 0.00340835, 0, 0
3, 120.00000, -26.305, 0.00532492, -26.305, 0.00532492, -26.305, 0.00532492, 0, 0
3, 180.00000, -26.5055, 0.00542062, -26.5055, 0.00542062, -26.5055, 0.00542062, 0, 0
3, 240.00000, -26.6158, 0.00290445, -26.6158, 0.00290445, -26.6158, 0.00290445, 0, 0
3, 300.00000, -26.8025, 0.00513383, -26.8025, 0.00513383, -26.8025, 0.00513383, 0, 0
3, 360.00000, -26.7767, -0.000455497, -26.7767, -0.000455497, -26.7767, -0.000455497, 0, 0
3, 420.00000, -26.8516, 0.00219985, -26.8516, 0.00219985, -26.8516, 0.00219985, 0, 0
3, 480.00000, -26.8207, 5.22128E-005, -26.8207, 5.22128E-005, -26.8207, 5.22128E-005, 0, 0
3, 540.00000, -27.1899, 0.0105334, -27.1899, 0.0105334, -27.1899, 0.0105334, 0, 0
3, 600.00000, -27.3391, 0.00391796, -27.3391, 0.00391796, -27.3391, 0.00391796, 0, 0
3, 660.00000, -27.3355, -0.000533427, -27.3355, -0.000533427, -27.3355, -0.000533427, 0, 0
3, 720.00000, -27.6528, 0.00907659, -27.6528, 0.00907659, -27.6528, 0.00907659, 0, 0
3, 780.00000, -28.2424, -0.00244409, -28.2424, -0.00244409, -28.2424, -0.00244409, 0, 0
3, 840.00000, -29.1746, -0.00396715, -29.1746, -0.00396715, -29.1746, -0.00396715, 0, 0
3, 900.00000, -29.4062, 0.00693703, -29.4062, 0.00693703, -29.4062, 0.00693703, 0, 0
3, 960.00000, -29.388, -0.000770301, -29.388, -0.000770301, -29.388, -0.000770301, 0, 0
3, 1020.00000, -29.6916, 0.00902357, -29.6916, 0.00902357, -29.6916, 0.00902357, 0, 0
3, 1080.00000, -30.2852, -0.00245172, -30.2852, -0.00245172, -30.2852, -0.00245172, 0, 0
3, 1140.00000, -30.7814, 0.0149238, -30.7814, 0.0149238, -30.7814, 0.0149238, 0, 0
3, 1200.00000, -31.0129, 0.00654244, -31.0129, 0.00654244, -31.0129, 0.00654244, 0, 0
3, 1260.00000, -31.9857, -0.00400996, -31.9857, -0.00400996, -31.9857, -0.00400996, 0, 0
3, 1320.00000, -32.3475, 0.0111366, -32.3475, 0.0111366, -32.3475, 0.0111366, 0, 0
3, 1380.00000, -31.7198, 0.00266068, -31.7198, 0.00266068, -31.7198, 0.00266068, 0, 0
3, 1440.00000, -32.8832, -0.00477916, -32.8832, -0.00477916, -32.8832, -0.00477916, 0, 0
3, 1500.00000, -34.1295, -0.00507301, -34.1295, -0.00507301, -34.1295, -0.00507301, 0, 0
3, 1560.00000, -34.9199, -0.00317894, -34.9199, -0.00317894, -34.9199, -0.00317894, 0, 0
3, 1620.00000, -35.2079, 0.00902098, -35.2079, 0.00902098, -35.2079, 0.00902098, 0, 0
3, 1680.00000, -35.2693, -0.00217477, -35.2693, -0.00217477, -35.2693, -0.00217477, 0, 0
3, 1740.00000, -34.8507, -0.0130449, -34.8507, -0.0130449, -34.8507, -0.0130449, 0, 0
3, 1800.00000, -35.026, 0.00574744, -35.026, 0.00574744, -35.026, 0.00574744, 0, 0
3, 1860.00000, -35.6697, -0.00250525, -35.6697, -0.00250525, -35.6697, -0.00250525, 0, 0
3, 1920.00000, -37.0782, -0.00537658, -37.0782, -0.00537658, -37.0782, -0.00537658, 0, 0
3, 1980.00000, -38.4989, -0.00522547, -38.4989, -0.00522547, -38.4989, -0.00522547, 0, 0
3, 2040.00000, -38.5575, -0.000418191, -38.5575, -0.000418191, -38.5575, -0.000418191, 0, 0
3, 2100.00000, -33.431, -0.00255985, -33.431, -0.00255985, -33.431, -0.00255985, 0, 0
3, 2160.00000, -14.9461, 0.00134947, -14.9461, 0.00134947, -14.9461, 0.00134947, 0, 0
3, 2220.00000, -15.4765, -0.00171376, -15.4765, -0.00171376, -15.4765, -0.00171376, 0, 0
3, 2280.00000, -13.3995, -0.00101199, -13.3995, -0.00101199, -13.3995, -0.00101199, 0, 0
3, 2340.00000, -19.3006, 0.00362465, -19.3006, 0.00362465, -19.3006, 0.00362465, 0, 0
3, 2400.00000, -41.3499, 0.00798779, -41.3499, 0.00798779, -41.3499, 0.00798779, 0, 0
3, 2460.00000, -43.1627, -0.00550586, -43.1627, -0.00550586, -43.1627, -0.00550586, 0, 0
3, 2520.00000, -40.9896, 0.00718535, -40.9896, 0.00718535, -40.9896, 0.00718535, 0, 0
3, 2580.00000, -16.9591, 0.00103696, -16.9591, 0.00103696, -16.9591, 0.00103696, 0, 0
3, 2640.00000, -25.6178, 0.00550721, -25.6178, 0.00550721, -25.6178, 0.00550721, 0, 0
3, 2700.00000, -17.6395, -0.0015582, -17.6395, -0.0015582, -17.6395, -0.0015582, 0, 0
3, 2760.00000, -18.3614, -0.00263393, -18.3614, -0.00263393, -18.3614, -0.00263393, 0, 0
3, 2820.00000, -30.5369, 0.00201505, -30.5369, 0.00201505, -30.5369, 0.00201505, 0, 0
3, 2880.00000, -19.6198, -0.00226945, -19.6198, -0.00226945, -19.6198, -0.00226945, 0, 0
3, 2940.00000, -20.278, -0.00253054, -20.278, -0.00253054, -20.278, -0.00253054, 0, 0
3, 3000.00000, -19.0407, 0.0045681, -19.0407, 0.0045681, -19.0407, 0.0045681, 0, 0
3, 3060.00000, -43.0606, 0.00762384, -43.0606, 0.00762384, -43.0606, 0.00762384, 0, 0
3, 3120.00000, -35.2563, -0.00355419, -35.2563, -0.00355419, -35.2563, -0.00355419, 0, 0
3, 3180.00000, -31.2999, -0.0021293, -31.2999, -0.0021293, -31.2999, -0.0021293, 0, 0
3, 3240.00000, -37.4089, 0.00269713, -37.4089, 0.00269713, -37.4089, 0.00269713, 0, 0
3, 3300.00000, -34.154, 0.0031211, -34.154, 0.0031211, -34.154, 0.0031211, 0, 0
3, 3360.00000, -34.0712, -0.00244593, -34.0712, -0.00244593, -34.0712, -0.00244593, 0, 0
3, 3420.00000, -18.8105, 0.00122781, -18.8105, 0.00122781, -18.8105, 0.00122781, 0, 0
3, 3480.00000, -34.9657, 0.0083388, -34.9657, 0.0083388, -34.9657, 0.0083388, 0, 0
3, 3540.00000, -46.9558, -0.0058402, -46.9558, -0.0058402, -46.9558, -0.0058402, 0, 0
4, 0.00000, -48.9594, -0.00419287, -48.9594, -0.00419287, -48.9594, -0.00419287, 0, 0
4, 60.00000, -48.8848, 0.00200056, -48.8848, 0.00200056, -48.8848, 0.00200056, 0, 0
4, 120.00000, -39.3485, -0.00340586, -39.3485, -0.00340586, -39.3485, -0.00340586, 0, 0
4, 180.00000, -48.4877, -0.0041607, -48.4877, -0.0041607, -48.4877, -0.0041607, 0, 0
4, 240.00000, -47.5597, -0.0039455, -47.5597, -0.0039455, -47.5597, -0.0039455, 0, 0
4, 300.00000, -45.7235, 0.00479653, -45.7235, 0.00479653, -45.7235, 0.00479653, 0, 0
4, 360.00000, -43.9626, 0.00510673, -43.9626, 0.00510673, -43.9626, 0.00510673, 0, 0
4, 420.00000, -43.1842, -0.00348208, -43.1842, -0.00348208, -43.1842, -0.00348208, 0, 0
4, 480.00000, -42.8416, -0.0104519, -42.8416, -0.0104519, -42.8416, -0.0104519, 0, 0
4, 540.00000, -42.797, 0.00197444, -42.797, 0.00197444, -42.797, 0.00197444, 0, 0
4, 600.00000, -43.4409, 0.0193707, -43.4409, 0.0193707, -43.4409, 0.0193707, 0, 0
4, 660.00000, -44.6859, -0.00345156, -44.6859, -0.00345156, -44.6859, -0.00345156, 0, 0
4, 720.00000, -45.7634, 0.00449143, -45.7634, 0.00449143, -45.7634, 0.00449143, 0, 0
4, 780.00000, -46.611, 0.00357754, -46.611, 0.00357754, -46.611, 0.00357754, 0, 0
4, 840.00000, -47.1182, 0.0143165, -47.1182, 0.0143165, -47.1182, 0.0143165, 0, 0
4, 900.00000, -46.0897, -0.00436808, -46.0897, -0.00436808, -46.0897, -0.00436808, 0, 0
4, 960.00000, -45.7845, -0.00891019, -45.7845, -0.00891019, -45.7845, -0.00891019, 0, 0
4, 1020.00000, -46.447, 0.0190257, -46.447, 0.0190257, -46.447, 0.0190257, 0, 0
4, 1080.00000, -40.7407, 0.00476793, -40.7407, 0.00476793, -40.7407, 0.00476793, 0, 0
4, 1140.00000, -14.5119, 0.00106503, -14.5119, 0.00106503, -14.5119, 0.00106503, 0, 0
4, 1200.00000, -15.57, -0.00349228, -15.57, -0.00349228, -15.57, -0.00349228, 0, 0
4, 1260.00000, -14.5447, 0.00316481, -14.5447, 0.00316481, -14.5447, 0.00316481, 0, 0
4, 1320.00000, -12.0245, -0.00114655, -12.0245, -0.00114655, -12.0245, -0.00114655, 0, 0
4, 1380.00000, -29.3631, 0.00279237, -29.3631, 0.00279237, -29.3631, 0.00279237, 0, 0
4, 1440.00000, -49.5006, -0.00700663, -49.5006, -0.00700663, -49.5006, -0.00700663, 0, 0
4, 1500.00000, -52.7989, -0.00467875, -52.7989, -0.00467875, -52.7989, -0.00467875, 0, 0
4, 1560.00000, -54.1615, 0.00421144, -54.1615, 0.00421144, -54.1615, 0.00421144, 0, 0
4, 1620.00000, -52.6086, -0.00552057, -52.6086, -0.00552057, -52.6086, -0.00552057, 0, 0
4, 1680.00000, -53.3853, 0.0172363, -53.3853, 0.0172363, -53.3853, 0.0172363, 0, 0
4, 1740.00000, -52.8526, -0.0123075, -52.8526, -0.0123075, -52.8526, -0.0123075, 0, 0
4, 1800.00000, -53.9942, 0.00354674, -53.9942, 0.00354674, -53.9942, 0.00354674, 0, 0
4, 1860.00000, -53.9902, -0.000185087, -53.9902, -0.000185087, -53.9902, -0.000185087, 0, 0
4, 1920.00000, -53.0309, -0.021588, -53.0309, -0.021588, -53.0309, -0.021588, 0, 0
4, 1980.00000, -51.7193, -0.00493431, -51.7193, -0.00493431, -51.7193, -0.00493431, 0, 0
4, 2040.00000, -50.5909, -0.00438835, -50.5909, -0.00438835, -50.5909, -0.00438835, 0, 0
4, 2100.00000, -49.8377, -0.0195264, -49.8377, -0.0195264, -49.8377, -0.0195264, 0, 0
4, 2160.00000, -49.3127, -0.0135518, -49.3127, -0.0135518, -49.3127, -0.0135518, 0, 0
4, 2220.00000, -49.4849, 0.00471003, -49.4849, 0.00471003, -49.4849, 0.00471003, 0, 0
4, 2280.00000, -48.9686, -0.0137998, -48.9686, -0.0137998, -48.9686, -0.0137998, 0, 0
4, 2340.00000, -49.0485, -0.000653177, -49.0485, -0.000653177, -49.0485, -0.000653177, 0, 0
4, 2400.00000, -46.4966, 0.00631645, -46.4966, 0.00631645, -46.4966, 0.00631645, 0, 0
4, 2460.00000, -47.7609, 0.00510099, -47.7609, 0.00510099, -47.7609, 0.00510099, 0, 0
4, 2520.00000, -49.5419, -0.00354621, -49.5419, -0.00354621, -49.5419, -0.00354621, 0, 0
4, 2580.00000, -49.0183, -0.0138484, -49.0183, -0.0138484, -49.0183, -0.0138484, 0, 0
4, 2640.00000, -47.7223, -0.00555315, -47.7223, -0.00555315, -47.7223, -0.00555315, 0, 0
4, 2700.00000, -47.0005, -0.0203557, -47.0005, -0.0203557, -47.0005, -0.0203557, 0, 0
4, 2760.00000, -46.9271, 0.0034015, -46.9271, 0.0034015, -46.9271, 0.0034015, 0, 0
4, 2820.00000, -46.5496, -0.0106397, -46.5496, -0.0106397, -46.5496, -0.0106397, 0, 0
4, 2880.00000, -45.7942, -0.00337157, -45.7942, -0.00337157, -45.7942, -0.00337157, 0, 0
4, 2940.00000, -45.6455, -0.00438081, -45.6455, -0.00438081, -45.6455, -0.00438081, 0, 0
4, 3000.00000, -27.994, -0.00388523, -27.994, -0.00388523, -27.994, -0.00388523, 0, 0
4, 3060.00000, -46.83, 0.00406531, -46.83, 0.00406531, -46.83, 0.00406531, 0, 0
4, 3120.00000, -46.2881, -0.0155389, -46.2881, -0.0155389, -46.2881, -0.0155389, 0, 0
4, 3180.00000, -44.7698, 0.00416764, -44.7698, 0.00416764, -44.7698, 0.00416764, 0, 0
4, 3240.00000, -22.498, 0.0016677, -22.498, 0.0016677, -22.498, 0.0016677, 0, 0
4, 3300.00000, -10.2705, 0.000749263, -10.2705, 0.000749263, -10.2705, 0.000749263, 0, 0
4, 3360.00000, -41.7841, 0.0112122, -41.7841, 0.0112122, -41.7841, 0.0112122, 0, 0
4, 3420.00000, -46.0738, -0.0111784, -46.0738, -0.0111784, -46.0738, -0.0111784, 0, 0
4, 3480.00000, -46.0546, 0.00141459, -46.0546, 0.00141459, -46.0546, 0.00141459, 0, 0
4, 3540.00000, -46.0009, 0.000978102, -46.0009, 0.000978102, -46.0009, 0.000978102, 0, 0
5, 0.00000, -45.9142, 0.00166453, -45.9142, 0.00166453, -45.9142, 0.00166453, 0, 0
5, 60.00000, -45.5933, -0.00916598, -45.5933, -0.00916598, -45.5933, -0.00916598, 0, 0
5, 120.00000, -45.6644, -0.00060189, -45.6644, -0.00060189, -45.6644, -0.00060189, 0, 0
5, 180.00000, -45.888, 0.00632247, -45.888, 0.00632247, -45.888, 0.00632247, 0, 0
5, 240.00000, -45.8556, 8.27065E-005, -45.8556, 8.27065E-005, -45.8556, 8.27065E-005, 0, 0
5, 300.00000, -45.5783, -0.0079698, -45.5783, -0.0079698, -45.5783, -0.0079698, 0, 0
5, 360.00000, -45.8247, 0.00723803, -45.8247, 0.00723803, -45.8247, 0.00723803, 0, 0
5, 420.00000, -44.2751, 0.00442657, -44.2751, 0.00442657, -44.2751, 0.00442657, 0, 0
5, 480.00000, -10.1194, 0.001106, -10.1194, 0.001106, -10.1194, 0.00110599, 0, 0
5, 540.00000, -14.2369, 0.00216265, -14.2369, 0.00216266, -14.2369, 0.00216265, 0, 0
5, 600.00000, -10.8357, -0.00142165, -10.8357, -0.00142165, -10.8357, -0.00142165, 0, 0
5, 660.00000, -26.084, 0.00263266, -26.084, 0.00263266, -26.084, 0.00263266, 0, 0
5, 720.00000, -35.3934, 0.00460152, -35.3934, 0.00460152, -35.3934, 0.00460152, 0, 0
5, 780.00000, -39.9494, -0.00346994, -39.9494, -0.00346994, -39.9494, -0.00346994, 0, 0
5, 840.00000, -36.5444, 0.00314421, -36.5444, 0.00314421, -36.5444, 0.00314421, 0, 0
5, 900.00000, -15.4717, 0.000865396, -15.4717, 0.000865396, -15.4717, 0.000865396, 0, 0
5, 960.00000, -5.11808, 0.000357428, -5.11808, 0.000357428, -5.11808, 0.000357428, 0, 0
5, 1020.00000, -4.79029, 0.000394873, -4.79029, 0.000394873, -4.79029, 0.000394873, 0, 0
5, 1080.00000, -5.25538, -0.000598197, -5.25538, -0.000598197, -5.25538, -0.000598197, 0, 0
5, 1140.00000, -26.6524, -0.00201817, -26.6524, -0.00201817, -26.6524, -0.00201817, 0, 0
5, 1200.00000, -49.9693, -0.00727054, -49.9693, -0.00727054, -49.9693, -0.00727054, 0, 0
5, 1260.00000, -49.5687, -0.0105655, -49.5687, -0.0105655, -49.5687, -0.0105655, 0, 0
5, 1320.00000, -50.1489, 0.0150359, -50.1489, 0.0150359, -50.1489, 0.0150359, 0, 0
5, 1380.00000, -50.1284, -0.000689488, -50.1284, -0.000689488, -50.1284, -0.000689488, 0, 0
5, 1440.00000, -48.7232, -0.00578309, -48.7232, -0.00578309, -48.7232, -0.00578309, 0, 0
5, 1500.00000, -48.0297, -0.0190566, -48.0297, -0.0190566, -48.0297, -0.0190566, 0, 0
5, 1560.00000, -47.4152, -0.0167811, -47.4152, -0.0167811, -47.4152, -0.0167811, 0, 0
5, 1620.00000, -47.4601, 0.000502442, -47.4601, 0.000502442, -47.4601, 0.000502442, 0, 0
5, 1680.00000, -48.2431, 0.0212794, -48.2431, 0.0212794, -48.2431, 0.0212794, 0, 0
5, 1740.00000, -48.8804, 0.0167587, -48.8804, 0.0167587, -48.8804, 0.0167587, 0, 0
5, 1800.00000, -49.5528, 0.017385, -49.5528, 0.017385, -49.5528, 0.017385, 0, 0
5, 1860.00000, -49.1091, -0.012, -49.1091, -0.012, -49.1091, -0.012, 0, 0
5, 1920.00000, -48.3868, -0.0193775, -48.3868, -0.0193775, -48.3868, -0.0193775, 0, 0
5, 1980.00000, -48.3237, 0.00302356, -48.3237, 0.00302356, -48.3237, 0.00302356, 0, 0
5, 2040.00000, -48.8312, 0.013646, -48.8312, 0.013646, -48.8312, 0.013646, 0, 0
5, 2100.00000, -49.6728, 0.00329896, -49.6728, 0.00329896, -49.6728, 0.00329896, 0, 0
5, 2160.00000, -50.2704, 0.0153265, -50.2704, 0.0153265, -50.2704, 0.0153265, 0, 0
5, 2220.00000, -50.8389, 0.0140278, -50.8389, 0.0140278, -50.8389, 0.0140278, 0, 0
5, 2280.00000, -51.6502, 0.0194718, -51.6502, 0.0194718, -51.6502, 0.0194718, 0, 0
5, 2340.00000, -51.2822, -0.00924732, -51.2822, -0.00924732, -51.2822, -0.00924732, 0, 0
5, 2400.00000, -53.5213, 0.00702349, -53.5213, 0.00702349, -53.5213, 0.00702349, 0, 0
5, 2460.00000, -56.0024, 0.00669477, -56.0024, 0.00669477, -56.0024, 0.00669477, 0, 0
5, 2520.00000, -52.5726, 0.00476226, -52.5726, 0.00476226, -52.5726, 0.00476226, 0, 0
5, 2580.00000, -55.8451, 0.00874844, -55.8451, 0.00874844, -55.8451, 0.00874844, 0, 0
5, 2640.00000, -56.4211, 0.0104637, -56.4211, 0.0104637, -56.4211, 0.0104637, 0, 0
5, 2700.00000, -50.0593, 0.0114482, -50.0593, 0.0114482, -50.0593, 0.0114482, 0, 0
5, 2760.00000, -44.9832, 0.00348819, -44.9832, 0.00348819, -44.9832, 0.00348819, 0, 0
5, 2820.00000, -57.6975, -0.00839812, -57.6975, -0.00839812, -57.6975, -0.00839812, 0, 0
5, 2880.00000, -58.1109, 0.00640614, -58.1109, 0.00640614, -58.1109, 0.00640614, 0, 0
5, 2940.00000, -57.8677, 0.0063495, -57.8677, 0.0063495, -57.8677, 0.0063495, 0, 0
5, 3000.00000, -51.2226, 0.0105306, -51.2226, 0.0105306, -51.2226, 0.0105306, 0, 0
5, 3060.00000, -30.9818, -0.00428494, -30.9818, -0.00428494, -30.9818, -0.00428494, 0, 0
5, 3120.00000, -26.2628, -0.00279656, -26.2628, -0.00279656, -26.2628, -0.00279656, 0, 0
5, 3180.00000, -24.8224, 0.00593429, -24.8224, 0.00593429, -24.8224, 0.00593429, 0, 0
5, 3240.00000, -19.4076, -0.003149, -19.4076, -0.003149, -19.4076, -0.003149, 0, 0
5, 3300.00000, -18.6696, 0.0026767, -18.6696, 0.0026767, -18.6696, 0.0026767, 0, 0
5, 3360.00000, -21.3481, 0.00165323, -21.3481, 0.00165323, -21.3481, 0.00165323, 0, 0
5, 3420.00000, -19.2652, -0.00123014, -19.2652, -0.00123014, -19.2652, -0.00123014, 0, 0
5, 3480.00000, -16.6018, -0.00146787, -16.6018, -0.00146787, -16.6018, -0.00146787, 0, 0
5, 3540.00000, -13.6538, -0.00144872, -13.6538, -0.00144872, -13.6538, -0.00144872, 0, 0
6, 0.00000, -11.3608, -0.000993241, -11.3608, -0.000993241, -11.3608, -0.000993241, 0, 0
6, 60.00000, -10.0425, -0.00052127, -10.0425, -0.00052127, -10.0425, -0.00052127, 0, 0
6, 120.00000, -10.4299, -0.000942062, -10.4299, -0.000942062, -10.4299, -0.000942062, 0, 0
6, 180.00000, -12.7913, 0.00114927, -12.7913, 0.00114927, -12.7913, 0.00114927, 0, 0
6, 240.00000, -15.1931, 0.0012959, -15.1931, 0.0012959, -15.1931, 0.0012959, 0, 0
6, 300.00000, -16.5165, -0.00101224, -16.5165, -0.00101224, -16.5165, -0.00101224, 0, 0
6, 360.00000, -16.75, 0.00465421, -16.75, 0.00465421, -16.75, 0.00465421, 0, 0
6, 420.00000, -16.774, -0.000995486, -16.774, -0.000995486, -16.774, -0.000995486, 0, 0
6, 480.00000, -18.0015, -0.00444551, -18.0015, -0.00444551, -18.0015, -0.00444551, 0, 0
6, 540.00000, -24.7113, 0.00426677, -24.7113, 0.00426677, -24.7113, 0.00426677, 0, 0
6, 600.00000, -25.9841, -0.00532358, -25.9841, -0.00532358, -25.9841, -0.00532358, 0, 0
6, 660.00000, -25.5869, -0.0106361, -25.5869, -0.0106361, -25.5869, -0.0106361, 0, 0
6, 720.00000, -25.4674, -0.0029197, -25.4674, -0.0029197, -25.4674, -0.0029197, 0, 0
6, 780.00000, -35.5116, 0.00495592, -35.5116, 0.00495592, -35.5116, 0.00495592, 0, 0
6, 840.00000, -54.4193, -0.00395102, -54.4193, -0.00395102, -54.4193, -0.00395102, 0, 0
6, 900.00000, -56.131, 0.00460493, -56.131, 0.00460493, -56.131, 0.00460493, 0, 0
6, 960.00000, -53.5014, -0.00914835, -53.5014, -0.00914835, -53.5014, -0.00914835, 0, 0
6, 1020.00000, -48.0987, 0.0116665, -48.0987, 0.0116666, -48.0987, 0.0116665, 0, 0
6, 1080.00000, -49.693, 0.00605831, -49.693, 0.00605831, -49.693, 0.00605831, 0, 0
6, 1140.00000, -51.827, 0.00737349, -51.827, 0.00737349, -51.827, 0.00737349, 0, 0
6, 1200.00000, -44.3624, 0.0054441, -44.3624, 0.0054441, -44.3624, 0.0054441, 0, 0
6, 1260.00000, -30.6844, -0.00278704, -30.6844, -0.00278704, -30.6844, -0.00278704, 0, 0
6, 1320.00000, -46.3276, 0.00353449, -46.3276, 0.00353449, -46.3276, 0.00353449, 0, 0
6, 1380.00000, -50.7854, -0.00796821, -50.7854, -0.00796821, -50.7854, -0.00796821, 0, 0
6, 1440.00000, -49.0645, 0.00348977, -49.0645, 0.00348977, -49.0645, 0.00348977, 0, 0
6, 1500.00000, -48.3073, -0.0205974, -48.3073, -0.0205974, -48.3073, -0.0205974, 0, 0
6, 1560.00000, -24.2067, 0.00172055, -24.2067, 0.00172055, -24.2067, 0.00172055, 0, 0
6, 1620.00000, -35.4151, 0.00557161, -35.4151, 0.00557161, -35.4151, 0.00557161, 0, 0
6, 1680.00000, -43.9743, -0.0052163, -43.9743, -0.0052163, -43.9743, -0.0052163, 0, 0
6, 1740.00000, -45.5341, -0.00417161, -45.5341, -0.00417161, -45.5341, -0.00417161, 0, 0
6, 1800.00000, -46.3036, 0.00318172, -46.3036, 0.00318172, -46.3036, 0.00318172, 0, 0
6, 1860.00000, -45.9035, -0.0114183, -45.9035, -0.0114183, -45.9035, -0.0114183, 0, 0
6, 1920.00000, -45.8416, 0.0023723, -45.8416, 0.0023723, -45.8416, 0.0023723, 0, 0
6, 1980.00000, -45.5382, -0.00871947, -45.5382, -0.00871947, -45.5382, -0.00871947, 0, 0
6, 2040.00000, -45.4568, 0.00252565, -45.4568, 0.00252565, -45.4568, 0.00252565, 0, 0
6, 2100.00000, -45.3237, -0.00376855, -45.3237, -0.00376855, -45.3237, -0.00376855, 0, 0
6, 2160.00000, -45.5115, 0.00550616, -45.5115, 0.00550616, -45.5115, 0.00550616, 0, 0
6, 2220.00000, -45.8051, 0.00838452, -45.8051, 0.00838452, -45.8051, 0.00838452, 0, 0
6, 2280.00000, -45.7755, -0.00017096, -45.7755, -0.000170961, -45.7755, -0.00017096, 0, 0
6, 2340.00000, -46.2251, 0.0129187, -46.2251, 0.0129187, -46.2251, 0.0129187, 0, 0
6, 2400.00000, -46.6033, 0.010529, -46.6033, 0.010529, -46.6033, 0.010529, 0, 0
6, 2460.00000, -46.3928, -0.00616368, -46.3928, -0.00616368, -46.3928, -0.00616368, 0, 0
6, 2520.00000, -46.7273, 0.00955678, -46.7273, 0.00955678, -46.7273, 0.00955678, 0, 0
6, 2580.00000, -46.9223, 0.00534604, -46.9223, 0.00534604, -46.9223, 0.00534604, 0, 0
6, 2640.00000, -46.9331, -0.000710232, -46.9331, -0.000710232, -46.9331, -0.000710232, 0, 0
6, 2700.00000, -47.4548, 0.0145112, -47.4548, 0.0145112, -47.4548, 0.0145112, 0, 0
6, 2760.00000, -48.3465, 0.00364332, -48.3465, 0.00364332, -48.3465, 0.00364332, 0, 0
6, 2820.00000, -45.3477, 0.00796295, -45.3477, 0.00796295, -45.3477, 0.00796295, 0, 0
6, 2880.00000, -46.1421, 0.00338936, -46.1421, 0.00338936, -46.1421, 0.00338936, 0, 0
6, 2940.00000, -40.3282, 0.00494286, -40.3282, 0.00494286, -40.3282, 0.00494286, 0, 0
6, 3000.00000, -50.2566, -0.00386672, -50.2566, -0.00386672, -50.2566, -0.00386672, 0, 0
6, 3060.00000, -50.7083, 0.0113233, -50.7083, 0.0113233, -50.7083, 0.0113233, 0, 0
6, 3120.00000, -50.7758, -0.00241378, -50.7758, -0.00241378, -50.7758, -0.00241378, 0, 0
6, 3180.00000, -51.3891, 0.0149593, -51.3891, 0.0149593, -51.3891, 0.0149593, 0, 0
6, 3240.00000, -48.6698, 0.00571592, -48.6698, 0.00571592, -48.6698, 0.00571592, 0, 0
6, 3300.00000, -50.3446, 0.00617579, -50.3446, 0.00617579, -50.3446, 0.00617579, 0, 0
6, 3360.00000, -52.3333, 0.00674255, -52.3333, 0.00674255, -52.3333, 0.00674255, 0, 0
6, 3420.00000, -50.2618, 0.00376387, -50.2618, 0.00376387, -50.2618, 0.00376387, 0, 0
6, 3480.00000, -45.648, 0.0119431, -45.648, 0.0119431, -45.648, 0.0119431, 0, 0
6, 3540.00000, -35.9187, -0.00423919, -35.9187, -0.00423919, -35.9187, -0.00423919, 0, 0
7, 0.00000, -42.5061, -0.0044102, -42.5061, -0.0044102, -42.5061, -0.0044102, 0, 0
7, 60.00000, -50.0469, -0.0146555, -50.0469, -0.0146555, -50.0469, -0.0146555, 0, 0
7, 120.00000, -40.3977, -0.00319417, -40.3977, -0.00319417, -40.3977, -0.00319417, 0, 0
7, 180.00000, -33.8613, -0.00317788, -33.8613, -0.00317788, -33.8613, -0.00317788, 0, 0
7, 240.00000, -21.7877, -0.00260274, -21.7877, -0.00260274, -21.7877, -0.00260274, 0, 0
7, 300.00000, -22.2076, 0.0104255, -22.2076, 0.0104255, -22.2076, 0.0104255, 0, 0
7, 360.00000, -14.1936, -0.00138452, -14.1936, -0.00138452, -14.1936, -0.00138452, 0, 0
7, 420.00000, -16.247, 0.00114889, -16.247, 0.00114889, -16.247, 0.00114889, 0, 0
7, 480.00000, -20.4059, 0.00256706, -20.4059, 0.00256706, -20.4059, 0.00256706, 0, 0
7, 540.00000, -28.8456, 0.00512055, -28.8456, 0.00512055, -28.8456, 0.00512055, 0, 0
7, 600.00000, -26.4585, 0.00233331, -26.4585, 0.00233331, -26.4585, 0.00233331, 0, 0
7, 660.00000, -15.9854, 0.000839294, -15.9854, 0.000839294, -15.9854, 0.000839294, 0, 0
7, 720.00000, -14.2494, -0.000886733, -14.2494, -0.000886733, -14.2494, -0.000886733, 0, 0
7, 780.00000, -12.1955, -0.000939259, -12.1955, -0.000939259, -12.1955, -0.000939259, 0, 0
7, 840.00000, -10.062, -0.000842926, -10.062, -0.000842926, -10.062, -0.000842926, 0, 0
7, 900.00000, -8.94278, 0.000541089, -8.94278, 0.000541089, -8.94278, 0.000541089, 0, 0
7, 960.00000, -8.83034, -0.00125135, -8.83034, -0.00125135, -8.83034, -0.00125135, 0, 0
7, 1020.00000, -9.43028, -0.00134076, -9.43028, -0.00134076, -9.43028, -0.00134076, 0, 0
7, 1080.00000, -10.9625, 0.000666228, -10.9625, 0.000666228, -10.9625, 0.000666228, 0, 0
7, 1140.00000, -16.1135, 0.00291561, -16.1135, 0.00291561, -16.1135, 0.00291561, 0, 0
7, 1200.00000, -24.8738, 0.00162466, -24.8738, 0.00162466, -24.8738, 0.00162466, 0, 0
7, 1260.00000, -45.7662, 0.00509864, -45.7662, 0.00509864, -45.7662, 0.00509864, 0, 0
7, 1320.00000, -41.2723, 0.00363895, -41.2723, 0.00363895, -41.2723, 0.00363895, 0, 0
7, 1380.00000, -28.6007, -0.00267056, -28.6007, -0.00267056, -28.6007, -0.00267056, 0, 0
7, 1440.00000, -39.9407, 0.00439098, -39.9407, 0.00439098, -39.9407, 0.00439098, 0, 0
7, 1500.00000, -59.5312, -0.00825289, -59.5312, -0.00825289, -59.5312, -0.00825289, 0, 0
7, 1560.00000, -56.9865, -0.00697363, -56.9865, -0.00697363, -56.9865, -0.00697363, 0, 0
7, 1620.00000, -30.51, -0.00590157, -30.51, -0.00590157, -30.51, -0.00590157, 0, 0
7, 1680.00000, -40.4541, 0.00369797, -40.4541, 0.00369797, -40.4541, 0.00369797, 0, 0
7, 1740.00000, -55.954, -0.0145758, -55.954, -0.0145758, -55.954, -0.0145758, 0, 0
7, 1800.00000, -53.629, -0.00803828, -53.629, -0.00803828, -53.629, -0.00803828, 0, 0
7, 1860.00000, -51.1816, 0.00403672, -51.1816, 0.00403672, -51.1816, 0.00403672, 0, 0
7, 1920.00000, -49.8218, -0.00538936, -49.8218, -0.00538936, -49.8218, -0.00538936, 0, 0
7, 1980.00000, -49.9075, -0.00139442, -49.9075, -0.00139442, -49.9075, -0.00139442, 0, 0
7, 2040.00000, -45.9338, 0.010132, -45.9338, 0.010132, -45.9338, 0.010132, 0, 0
7, 2100.00000, -40.0831, 0.0050187, -40.0831, 0.0050187, -40.0831, 0.0050187, 0, 0
7, 2160.00000, -41.408, -0.00437617, -41.408, -0.00437617, -41.408, -0.00437617, 0, 0
7, 2220.00000, -40.8574, -0.0167974, -40.8574, -0.0167974, -40.8574, -0.0167974, 0, 0
7, 2280.00000, -13.2604, 0.00107121, -13.2604, 0.00107121, -13.2604, 0.00107121, 0, 0
7, 2340.00000, -20.0213, 0.00124497, -20.0213, 0.00124497, -20.0213, 0.00124497, 0, 0
7, 2400.00000, -23.5809, 0.00223312, -23.5809, 0.00223312, -23.5809, 0.00223312, 0, 0
7, 2460.00000, -51.7668, -0.00653846, -51.7668, -0.00653846, -51.7668, -0.00653846, 0, 0
7, 2520.00000, -43.3111, 0.00658382, -43.3111, 0.00658382, -43.3111, 0.00658382, 0, 0
7, 2580.00000, -23.0825, 0.00153246, -23.0825, 0.00153246, -23.0825, 0.00153246, 0, 0
7, 2640.00000, -31.6821, 0.00486578, -31.6821, 0.00486578, -31.6821, 0.00486577, 0, 0
7, 2700.00000, -12.2696, 0.000695768, -12.2696, 0.000695768, -12.2696, 0.000695767, 0, 0
7, 2760.00000, -10.737, -0.000641059, -10.737, -0.000641059, -10.737, -0.000641059, 0, 0
7, 2820.00000, -18.0359, 0.00128664, -18.0359, 0.00128664, -18.0359, 0.00128664, 0, 0
7, 2880.00000, -7.94882, 0.000514178, -7.94882, 0.000514178, -7.94882, 0.000514178, 0, 0
7, 2940.00000, -8.12563, 0.00185471, -8.12563, 0.00185471, -8.12563, 0.00185471, 0, 0
7, 3000.00000, -13.0734, 0.00246573, -13.0734, 0.00246573, -13.0734, 0.00246573, 0, 0
7, 3060.00000, -35.0647, 0.00281418, -35.0647, 0.00281418, -35.0647, 0.00281418, 0, 0
7, 3120.00000, -28.4394, -0.00376625, -28.4394, -0.00376625, -28.4394, -0.00376625, 0, 0
7, 3180.00000, -52.6211, -0.00564288, -52.6211, -0.00564288, -52.6211, -0.00564288, 0, 0
7, 3240.00000, -50.907, -0.00664641, -50.907, -0.00664641, -50.907, -0.00664641, 0, 0
7, 3300.00000, -48.6423, 0.0047691, -48.6423, 0.0047691, -48.6423, 0.0047691, 0, 0
7, 3360.00000, -46.2362, 0.00606822, -46.2362, 0.00606822, -46.2362, 0.00606822, 0, 0
7, 3420.00000, -44.7482, 0.00414151, -44.7482, 0.00414151, -44.7482, 0.00414151, 0, 0
7, 3480.00000, -9.96797, 0.00111165, -9.96797, 0.00111165, -9.96797, 0.00111165, 0, 0
7, 3540.00000, -8.24338, -0.000581128, -8.24338, -0.000581128, -8.24338, -0.000581128, 0, 0
8, 0.00000, -37.0023, 0.00304915, -37.0023, 0.00304915, -37.0023, 0.00304915, 0, 0
8, 60.00000, -44.2313, -0.00443261, -44.2313, -0.00443261, -44.2313, -0.00443261, 0, 0
8, 120.00000, -43.2197, 0.00305338, -43.2197, 0.00305338, -43.2197, 0.00305338, 0, 0
8, 180.00000, -42.7241, -0.0150364, -42.7241, -0.0150364, -42.7241, -0.0150364, 0, 0
8, 240.00000, -42.93, 0.00648851, -42.93, 0.00648851, -42.93, 0.00648851, 0, 0
8, 300.00000, -41.6358, 0.00420849, -41.6358, 0.00420849, -41.6358, 0.00420849, 0, 0
8, 360.00000, -41.5713, 0.000782207, -41.5713, 0.000782207, -41.5713, 0.000782207, 0, 0
8, 420.00000, -35.1509, -0.00295848, -35.1509, -0.00295848, -35.1509, -0.00295848, 0, 0
8, 480.00000, -8.19361, 0.0007328, -8.19361, 0.0007328, -8.19361, 0.000732799, 0, 0
8, 540.00000, -5.63551, -0.000610526, -5.63551, -0.000610526, -5.63551, -0.000610526, 0, 0
8, 600.00000, -17.9524, -0.00120023, -17.9524, -0.00120023, -17.9524, -0.00120023, 0, 0
8, 660.00000, -19.1488, -0.0045075, -19.1488, -0.0045075, -19.1488, -0.0045075, 0, 0
8, 720.00000, -36.9169, 0.00841373, -36.9169, 0.00841373, -36.9169, 0.00841373, 0, 0
8, 780.00000, -31.6237, -0.00281307, -31.6237, -0.00281307, -31.6237, -0.00281307, 0, 0
8, 840.00000, -42.9637, 0.0034963, -42.9637, 0.0034963, -42.9637, 0.0034963, 0, 0
8, 900.00000, -42.5576, -0.0123839, -42.5576, -0.0123839, -42.5576, -0.0123839, 0, 0
8, 960.00000, -41.9765, -0.0174501, -41.9765, -0.0174501, -41.9765, -0.0174501, 0, 0
8, 1020.00000, -41.8279, -0.0041822, -41.8279, -0.0041822, -41.8279, -0.0041822, 0, 0
8, 1080.00000, -38.4678, 0.00295165, -38.4678, 0.00295165, -38.4678, 0.00295165, 0, 0
8, 1140.00000, -39.001, 0.0166328, -39.001, 0.0166328, -39.001, 0.0166328, 0, 0
8, 1200.00000, -41.7372, -0.008887, -41.7372, -0.008887, -41.7372, -0.008887, 0, 0
8, 1260.00000, -41.9194, 0.00577389, -41.9194, 0.00577389, -41.9194, 0.00577389, 0, 0
8, 1320.00000, -41.4471, -0.0145438, -41.4471, -0.0145438, -41.4471, -0.0145438, 0, 0
8, 1380.00000, -40.2553, 0.00403341, -40.2553, 0.00403341, -40.2553, 0.00403341, 0, 0
8, 1440.00000, -24.9509, -0.00339977, -24.9509, -0.00339977, -24.9509, -0.00339977, 0, 0
8, 1500.00000, -29.4693, 0.00266306, -29.4693, 0.00266306, -29.4693, 0.00266306, 0, 0
8, 1560.00000, -35.6735, 0.00298408, -35.6735, 0.00298408, -35.6735, 0.00298408, 0, 0
8, 1620.00000, -28.1507, -0.00428031, -28.1507, -0.00428031, -28.1507, -0.00428031, 0, 0
8, 1680.00000, -36.6066, 0.00393588, -36.6066, 0.00393588, -36.6066, 0.00393588, 0, 0
8, 1740.00000, -35.2521, 0.00535296, -35.2521, 0.00535296, -35.2521, 0.00535296, 0, 0
8, 1800.00000, -39.5119, -0.00330625, -39.5119, -0.00330625, -39.5119, -0.00330625, 0, 0
8, 1860.00000, -38.5418, 0.00352667, -38.5418, 0.00352667, -38.5418, 0.00352667, 0, 0
8, 1920.00000, -37.3778, 0.00437981, -37.3778, 0.00437981, -37.3778, 0.00437981, 0, 0
8, 1980.00000, -34.8156, 0.00240862, -34.8156, 0.00240862, -34.8156, 0.00240862, 0, 0
8, 2040.00000, -30.3292, -0.00247614, -30.3292, -0.00247614, -30.3292, -0.00247614, 0, 0
8, 2100.00000, -27.5764, -0.00161801, -27.5764, -0.00161801, -27.5764, -0.00161801, 0, 0
8, 2160.00000, -32.8681, 0.00284493, -32.8681, 0.00284493, -32.8681, 0.00284493, 0, 0
8, 2220.00000, -19.7271, 0.0010816, -19.7271, 0.0010816, -19.7271, 0.0010816, 0, 0
8, 2280.00000, -17.3923, -0.00132272, -17.3923, -0.00132272, -17.3923, -0.00132272, 0, 0
8, 2340.00000, -20.8782, 0.00216193, -20.8782, 0.00216193, -20.8782, 0.00216193, 0, 0
8, 2400.00000, -21.7199, -0.00333081, -21.7199, -0.00333081, -21.7199, -0.00333081, 0, 0
8, 2460.00000, -15.6639, -0.00110056, -15.6639, -0.00110056, -15.6639, -0.00110056, 0, 0
8, 2520.00000, -11.4051, -0.00183618, -11.4051, -0.00183618, -11.4051, -0.00183618, 0, 0
8, 2580.00000, -13.1313, 0.000856228, -13.1313, 0.000856228, -13.1313, 0.000856228, 0, 0
8, 2640.00000, -18.8826, 0.00349814, -18.8826, 0.00349814, -18.8826, 0.00349814, 0, 0
8, 2700.00000, -9.08501, 0.000558335, -9.08501, 0.000558335, -9.08501, 0.000558335, 0, 0
8, 2760.00000, -9.23893, 0.00181387, -9.23893, 0.00181387, -9.23893, 0.00181387, 0, 0
8, 2820.00000, -16.6561, 0.00126247, -16.6561, 0.00126247, -16.6561, 0.00126247, 0, 0
8, 2880.00000, -10.9961, -0.000804376, -10.9961, -0.000804376, -10.9961, -0.000804376, 0, 0
8, 2940.00000, -17.4423, 0.0011263, -17.4423, 0.0011263, -17.4423, 0.0011263, 0, 0
8, 3000.00000, -14.7693, -0.0013836, -14.7693, -0.0013836, -14.7693, -0.0013836, 0, 0
8, 3060.00000, -12.2928, -0.00113561, -12.2928, -0.00113561, -12.2928, -0.00113561, 0, 0
8, 3120.00000, -18.8364, 0.00118035, -18.8364, 0.00118035, -18.8364, 0.00118035, 0, 0
8, 3180.00000, -35.7016, 0.00844608, -35.7016, 0.00844608, -35.7016, 0.00844608, 0, 0
8, 3240.00000, -46.0661, -0.00547912, -46.0661, -0.00547912, -46.0661, -0.00547912, 0, 0
8, 3300.00000, -42.6461, 0.0105016, -42.6461, 0.0105016, -42.6461, 0.0105016, 0, 0
8, 3360.00000, -37.6999, 0.00450023, -37.6999, 0.00450023, -37.6999, 0.00450023, 0, 0
8, 3420.00000, -38.2074, 0.015903, -38.2074, 0.015903, -38.2074, 0.015903, 0, 0
8, 3480.00000, -37.3514, 0.00327457, -37.3514, 0.00327457, -37.3514, 0.00327457, 0, 0
8, 3540.00000, -34.8149, 0.00238525, -34.8149, 0.00238525, -34.8149, 0.00238525, 0, 0
9, 0.00000, -33.3368, 0.00599942, -33.3368, 0.00599942, -33.3368, 0.00599942, 0, 0
9, 60.00000, -16.041, 0.00131417, -16.041, 0.00131417, -16.041, 0.00131417, 0, 0
9, 120.00000, -22.5187, 0.0041071, -22.5187, 0.0041071, -22.5187, 0.0041071, 0, 0
9, 180.00000, -16.6673, -0.00109569, -16.6673, -0.00109569, -16.6673, -0.00109569, 0, 0
9, 240.00000, -35.1144, 0.00245694, -35.1144, 0.00245694, -35.1144, 0.00245694, 0, 0
9, 300.00000, -32.8363, 0.00929017, -32.8363, 0.00929017, -32.8363, 0.00929017, 0, 0
9, 360.00000, -11.4066, 0.000736937, -11.4066, 0.000736937, -11.4066, 0.000736937, 0, 0
9, 420.00000, -35.2134, 0.00295424, -35.2134, 0.00295424, -35.2134, 0.00295424, 0, 0
9, 480.00000, -36.5838, -0.00529049, -36.5838, -0.00529049, -36.5838, -0.00529049, 0, 0
9, 540.00000, -11.8252, 0.00088376, -11.8252, 0.00088376, -11.8252, 0.00088376, 0, 0
9, 600.00000, -9.38953, -0.000911056, -9.38953, -0.000911056, -9.38953, -0.000911056, 0, 0
9, 660.00000, -8.72418, 0.00135686, -8.72418, 0.00135686, -8.72418, 0.00135686, 0, 0
9, 720.00000, -8.23504, 0.000972164, -8.23504, 0.000972164, -8.23504, 0.000972164, 0, 0
9, 780.00000, -9.02677, -0.00167722, -9.02677, -0.00167722, -9.02677, -0.00167722, 0, 0
9, 840.00000, -14.3878, 0.000850659, -14.3878, 0.000850659, -14.3878, 0.000850659, 0, 0
9, 900.00000, -11.9436, -0.00110042, -11.9436, -0.00110042, -11.9436, -0.00110042, 0, 0
9, 960.00000, -11.7703, -0.00254031, -11.7703, -0.00254031, -11.7703, -0.00254031, 0, 0
9, 1020.00000, -10.8025, 0.00236886, -10.8025, 0.00236886, -10.8025, 0.00236886, 0, 0
9, 1080.00000, -10.1119, 0.00164109, -10.1119, 0.00164109, -10.1119, 0.00164109, 0, 0
9, 1140.00000, -10.2073, 0.00118504, -10.2073, 0.00118504, -10.2073, 0.00118504, 0, 0
9, 1200.00000, -11.2741, -0.00273961, -11.2741, -0.00273961, -11.2741, -0.00273961, 0, 0
9, 1260.00000, -15.9925, 0.00266562, -15.9925, 0.00266562, -15.9925, 0.00266562, 0, 0
9, 1320.00000, -31.6785, 0.00243415, -31.6785, 0.00243415, -31.6785, 0.00243415, 0, 0
9, 1380.00000, -19.0312, 0.00104151, -19.0312, 0.00104151, -19.0312, 0.00104151, 0, 0
9, 1440.00000, -14.917, -0.002129, -14.917, -0.002129, -14.917, -0.002129, 0, 0
9, 1500.00000, -12.5172, -0.0011132, -12.5172, -0.0011132, -12.5172, -0.0011132, 0, 0
9, 1560.00000, -11.0839, -0.000611688, -11.0839, -0.000611688, -11.0839, -0.000611688, 0, 0
9, 1620.00000, -30.0934, 0.00295805, -30.0934, 0.00295805, -30.0934, 0.00295805, 0, 0
9, 1680.00000, -33.4562, -0.0030266, -33.4562, -0.0030266, -33.4562, -0.0030266, 0, 0
9, 1740.00000, -24.0434, -0.00201417, -24.0434, -0.00201417, -24.0434, -0.00201417, 0, 0
9, 1800.00000, -26.4144, -0.00219322, -26.4144, -0.00219322, -26.4144, -0.00219322, 0, 0
9, 1860.00000, -32.1749, 0.0031721, -32.1749, 0.0031721, -32.1749, 0.0031721, 0, 0
9, 1920.00000, -29.6836, 0.00245817, -29.6836, 0.00245817, -29.6836, 0.00245817, 0, 0
9, 1980.00000, -23.0751, -0.0039322, -23.0751, -0.0039322, -23.0751, -0.0039322, 0, 0
9, 2040.00000, -8.17726, 0.00074717, -8.17726, 0.00074717, -8.17726, 0.00074717, 0, 0
9, 2100.00000, -10.5172, 0.000980566, -10.5172, 0.000980566, -10.5172, 0.000980566, 0, 0
9, 2160.00000, -7.81982, -0.000865184, -7.81982, -0.000865184, -7.81982, -0.000865184, 0, 0
9, 2220.00000, -13.4915, 0.000862661, -13.4915, 0.000862661, -13.4915, 0.000862661, 0, 0
9, 2280.00000, -29.9257, 0.00264408, -29.9257, 0.00264408, -29.9257, 0.00264408, 0, 0
9, 2340.00000, -9.37181, 0.000608716, -9.37181, 0.000608716, -9.37181, 0.000608716, 0, 0
9, 2400.00000, -7.70013, -0.000531023, -7.70013, -0.000531023, -7.70013, -0.000531023, 0, 0
9, 2460.00000, -17.129, -0.000891567, -17.129, -0.000891566, -17.129, -0.000891566, 0, 0
9, 2520.00000, -28.5235, 0.00198162, -28.5235, 0.00198162, -28.5235, 0.00198162, 0, 0
9, 2580.00000, -29.729, -0.00510962, -29.729, -0.00510962, -29.729, -0.00510962, 0, 0
9, 2640.00000, -19.6703, -0.00208348, -19.6703, -0.00208348, -19.6703, -0.00208348, 0, 0
9, 2700.00000, -9.40727, 0.000597712, -9.40727, 0.000597712, -9.40727, 0.000597712, 0, 0
9, 2760.00000, -6.98151, -0.000705351, -6.98151, -0.000705351, -6.98151, -0.000705351, 0, 0
9, 2820.00000, -6.35665, 0.00095478, -6.35665, 0.00095478, -6.35665, 0.00095478, 0, 0
9, 2880.00000, -6.81914, -0.000752951, -6.81914, -0.000752951, -6.81914, -0.000752951, 0, 0
9, 2940.00000, -7.34481, -0.000941639, -7.34481, -0.000941639, -7.34481, -0.000941639, 0, 0
9, 3000.00000, -7.62064, 0.00284883, -7.62064, 0.00284883, -7.62064, 0.00284883, 0, 0
9, 3060.00000, -11.9011, 0.00198738, -11.9011, 0.00198738, -11.9011, 0.00198738, 0, 0
9, 3120.00000, -13.6751, 0.000891335, -13.6751, 0.000891335, -13.6751, 0.000891335, 0, 0
9, 3180.00000, -22.9661, 0.0017154, -22.9661, 0.0017154, -22.9661, 0.0017154, 0, 0
9, 3240.00000, -27.9667, 0.00304095, -27.9667, 0.00304095, -27.9667, 0.00304095, 0, 0
9, 3300.00000, -28.832, -0.00364151, -28.832, -0.00364151, -28.832, -0.00364151, 0, 0
9, 3360.00000, -29.0152, 0.00547669, -29.0152, 0.00547669, -29.0152, 0.00547669, 0, 0
9, 3420.00000, -29.1529, 0.00387954, -29.1529, 0.00387954, -29.1529, 0.00387954, 0, 0
9, 3480.00000, -22.4936, -0.00138899, -22.4936, -0.00138899, -22.4936, -0.00138899, 0, 0
9, 3540.00000, -9.40424, 0.000745198, -9.40424, 0.000745198, -9.40424, 0.000745198, 0, 0
10, 0.00000, -8.64416, 0.00156413, -8.64416, 0.00156413, -8.64416, 0.00156413, 0, 0
10, 60.00000, -8.91179, 0.00305813, -8.91179, 0.00305813, -8.91179, 0.00305813, 0, 0
10, 120.00000, -9.71597, -0.00179652, -9.71597, -0.00179652, -9.71597, -0.00179652, 0, 0
10, 180.00000, -10.6883, -0.00242312, -10.6883, -0.00242312, -10.6883, -0.00242312, 0, 0
10, 240.00000, -21.7107, 0.0019866, -21.7107, 0.0019866, -21.7107, 0.0019866, 0, 0
10, 300.00000, -18.6733, -0.00175985, -18.6733, -0.00175985, -18.6733, -0.00175985, 0, 0
10, 360.00000, -24.6263, 0.00376969, -24.6263, 0.00376969, -24.6263, 0.00376969, 0, 0
10, 420.00000, -17.9143, -0.00130897, -17.9143, -0.00130897, -17.9143, -0.00130897, 0, 0
10, 480.00000, -24.5641, 0.0042198, -24.5641, 0.0042198, -24.5641, 0.0042198, 0, 0
10, 540.00000, -24.6239, -0.00132414, -24.6239, -0.00132414, -24.6239, -0.00132414, 0, 0
10, 600.00000, -23.6051, 0.00418044, -23.6051, 0.00418044, -23.6051, 0.00418044, 0, 0
10, 660.00000, -23.2045, -0.0104736, -23.2045, -0.0104736, -23.2045, -0.0104736, 0, 0
10, 720.00000, -22.8988, -0.0074822, -22.8988, -0.0074822, -22.8988, -0.0074822, 0, 0
10, 780.00000, -22.7126, -0.00445158, -22.7126, -0.00445158, -22.7126, -0.00445158, 0, 0
10, 840.00000, -22.7383, 0.000431782, -22.7383, 0.000431782, -22.7383, 0.000431782, 0, 0
10, 900.00000, -23.0524, 0.00795581, -23.0524, 0.00795581, -23.0524, 0.00795581, 0, 0
10, 960.00000, -20.2021, -0.00170651, -20.2021, -0.00170651, -20.2021, -0.00170651, 0, 0
10, 1020.00000, -7.87939, 0.000612226, -7.87939, 0.000612226, -7.87939, 0.000612226, 0, 0
10, 1080.00000, -9.04809, 0.000430077, -9.04809, 0.000430077, -9.04809, 0.000430077, 0, 0
10, 1140.00000, -14.4038, 0.000852782, -14.4038, 0.000852782, -14.4038, 0.000852782, 0, 0
10, 1200.00000, -9.01701, -0.000651514, -9.01701, -0.000651514, -9.01701, -0.000651514, 0, 0
10, 1260.00000, -5.18055, -0.000281146, -5.18055, -0.000281146, -5.18055, -0.000281146, 0, 0
10, 1320.00000, -7.51404, 0.000742407, -7.51404, 0.000742407, -7.51404, 0.000742407, 0, 0
10, 1380.00000, -10.0845, 0.00104479, -10.0845, 0.00104479, -10.0845, 0.00104479, 0, 0
10, 1440.00000, -12.6976, 0.00126036, -12.6976, 0.00126036, -12.6976, 0.00126036, 0, 0
10, 1500.00000, -5.99821, 0.000275358, -5.99821, 0.000275358, -5.99821, 0.000275358, 0, 0
10, 1560.00000, -4.27466, -0.000319788, -4.27466, -0.000319788, -4.27466, -0.000319788, 0, 0
10, 1620.00000, -4.21443, -0.000324151, -4.21443, -0.000324151, -4.21443, -0.000324151, 0, 0
10, 1680.00000, -4.28624, 0.000435599, -4.28624, 0.000435599, -4.28624, 0.000435599, 0, 0
10, 1740.00000, -4.61068, -0.000367196, -4.61068, -0.000367196, -4.61068, -0.000367196, 0, 0
10, 1800.00000, -4.74327, 0.000876999, -4.74327, 0.000876999, -4.74327, 0.000876999, 0, 0
10, 1860.00000, -4.75029, -0.00017838, -4.75029, -0.00017838, -4.75029, -0.00017838, 0, 0
10, 1920.00000, -4.62347, -0.000797795, -4.62347, -0.000797795, -4.62347, -0.000797795, 0, 0
10, 1980.00000, -4.55869, -0.000369669, -4.55869, -0.000369669, -4.55869, -0.000369669, 0, 0
10, 2040.00000, -4.43115, -0.000750969, -4.43115, -0.000750969, -4.43115, -0.000750969, 0, 0
10, 2100.00000, -4.11231, 0.000318737, -4.11231, 0.000318737, -4.11231, 0.000318737, 0, 0
10, 2160.00000, -3.79702, 0.000302347, -3.79702, 0.000302347, -3.79702, 0.000302347, 0, 0
10, 2220.00000, -3.54231, -0.00125178, -3.54231, -0.00125178, -3.54231, -0.00125178, 0, 0
10, 2280.00000, -5.93247, 0.000620929, -5.93247, 0.000620929, -5.93247, 0.000620929, 0, 0
10, 2340.00000, -3.67393, -0.000361668, -3.67393, -0.000361668, -3.67393, -0.000361668, 0, 0
10, 2400.00000, -4.51161, -0.000948576, -4.51161, -0.000948576, -4.51161, -0.000948576, 0, 0
10, 2460.00000, -3.42071, -0.000161801, -3.42071, -0.000161801, -3.42071, -0.000161801, 0, 0
10, 2520.00000, -3.10231, 0.000245371, -3.10231, 0.000245371, -3.10231, 0.000245371, 0, 0
10, 2580.00000, -3.48941, -0.0003353, -3.48941, -0.0003353, -3.48941, -0.0003353, 0, 0
10, 2640.00000, -4.52298, 0.00020652, -4.52298, 0.00020652, -4.52298, 0.00020652, 0, 0
10, 2700.00000, -4.78366, 0.00168274, -4.78366, 0.00168274, -4.78366, 0.00168274, 0, 0
10, 2760.00000, -5.55958, -0.00104376, -5.55958, -0.00104376, -5.55958, -0.00104376, 0, 0
10, 2820.00000, -5.42891, -0.000903612, -5.42891, -0.000903612, -5.42891, -0.000903612, 0, 0
10, 2880.00000, -4.13226, -0.000231278, -4.13226, -0.000231278, -4.13226, -0.000231278, 0, 0
10, 2940.00000, -2.97654, -0.000150999, -2.97654, -0.000150999, -2.97654, -0.000150999, 0, 0
10, 3000.00000, -2.72308, -0.000941149, -2.72308, -0.000941149, -2.72308, -0.00094115, 0, 0
10, 3060.00000, -5.3109, 0.000607569, -5.3109, 0.000607569, -5.3109, 0.000607569, 0, 0
10, 3120.00000, -10.9501, 0.000740581, -10.9501, 0.000740581, -10.9501, 0.000740581, 0, 0
10, 3180.00000, -10.744, -0.00281203, -10.744, -0.00281203, -10.744, -0.00281203, 0, 0
10, 3240.00000, -4.20375, 0.000193271, -4.20375, 0.000193271, -4.20375, 0.000193271, 0, 0
10, 3300.00000, -4.85195, -0.000775766, -4.85195, -0.000775766, -4.85195, -0.000775766, 0, 0
10, 3360.00000, -5.43594, -0.000793557, -5.43594, -0.000793557, -5.43594, -0.000793557, 0, 0
10, 3420.00000, -6.94115, 0.000447363, -6.94115, 0.000447363, -6.94115, 0.000447363, 0, 0
10, 3480.00000, -11.0689, 0.00182166, -11.0689, 0.00182166, -11.0689, 0.00182166, 0, 0
10, 3540.00000, -8.91306, -0.000777691, -8.91306, -0.000777691, -8.91306, -0.000777691, 0, 0
11, 0.00000, -9.97633, -0.00248947, -9.97633, -0.00248947, -9.97633, -0.00248947, 0, 0
11, 60.00000, -10.3756, -0.000988023, -10.3756, -0.000988023, -10.3756, -0.000988023, 0, 0
11, 120.00000, -9.90399, 0.00107447, -9.90399, 0.00107447, -9.90399, 0.00107447, 0, 0
11, 180.00000, -8.56572, -0.000469027, -8.56572, -0.000469027, -8.56572, -0.000469027, 0, 0
11, 240.00000, -6.5242, -0.000557492, -6.5242, -0.000557492, -6.5242, -0.000557492, 0, 0
11, 300.00000, -3.03631, -0.000458627, -3.03631, -0.000458627, -3.03631, -0.000458627, 0, 0
11, 360.00000, -2.91241, -0.000464448, -2.91241, -0.000464448, -2.91241, -0.000464448, 0, 0
11, 420.00000, -3.23869, 0.00147868, -3.23869, 0.00147868, -3.23869, 0.00147868, 0, 0
11, 480.00000, -4.53391, 0.000253611, -4.53391, 0.000253611, -4.53391, 0.000253611, 0, 0
11, 540.00000, -6.89212, 0.000694565, -6.89212, 0.000694565, -6.89212, 0.000694565, 0, 0
11, 600.00000, -6.37014, 0.000816967, -6.37014, 0.000816967, -6.37014, 0.000816967, 0, 0
11, 660.00000, -2.73456, -0.000143588, -2.73456, -0.000143588, -2.73456, -0.000143588, 0, 0
11, 720.00000, -4.41778, 0.000327963, -4.41778, 0.000327963, -4.41778, 0.000327963, 0, 0
11, 780.00000, -4.74775, -0.000383159, -4.74775, -0.000383159, -4.74775, -0.000383159, 0, 0
11, 840.00000, -2.22814, -0.000246338, -2.22814, -0.000246338, -2.22814, -0.000246338, 0, 0
11, 900.00000, -3.19736, -0.00078723, -3.19736, -0.00078723, -3.19736, -0.00078723, 0, 0
11, 960.00000, -3.59011, -0.000364401, -3.59011, -0.000364401, -3.59011, -0.000364401, 0, 0
11, 1020.00000, -4.1138, -0.000542849, -4.1138, -0.000542849, -4.1138, -0.000542849, 0, 0
11, 1080.00000, -3.01164, -0.000145159, -3.01164, -0.000145159, -3.01164, -0.000145159, 0, 0
11, 1140.00000, -1.98095, -9.04938E-005, -1.98095, -9.04938E-005, -1.98095, -9.04938E-005, 0, 0
11, 1200.00000, -1.53284, 0.000172938, -1.53284, 0.000172938, -1.53284, 0.000172938, 0, 0
11, 1260.00000, -1.40583, -0.000257075, -1.40583, -0.000257075, -1.40583, -0.000257075, 0, 0
11, 1320.00000, -1.27866, -0.00021758, -1.27866, -0.00021758, -1.27866, -0.00021758, 0, 0
11, 1380.00000, -1.08687, -0.00028117, -1.08687, -0.00028117, -1.08687, -0.00028117, 0, 0
11, 1440.00000, -0.959562, -0.000158859, -0.959562, -0.000158859, -0.959562, -0.000158859, 0, 0
11, 1500.00000, -0.83193, -0.000140862, -0.83193, -0.000140862, -0.83193, -0.000140862, 0, 0
11, 1560.00000, -0.832676, 2.50834E-005, -0.832676, 2.50834E-005, -0.832676, 2.50834E-005, 0, 0
11, 1620.00000, -0.83342, -4.64186E-006, -0.83342, -4.64186E-006, -0.83342, -4.64186E-006, 0, 0
11, 1680.00000, -0.769926, -6.79811E-005, -0.769926, -6.79811E-005, -0.769926, -6.79811E-005, 0, 0
11, 1740.00000, -0.770462, 1.22117E-005, -0.770462, 1.22117E-005, -0.770462, 1.22117E-005, 0, 0
11, 1800.00000, -0.70635, -6.39278E-005, -0.70635, -6.39278E-005, -0.70635, -6.39278E-005, 0, 0
11, 1860.00000, -0.706899, 1.1525E-005, -0.706899, 1.1525E-005, -0.706899, 1.1525E-005, 0, 0
11, 1920.00000, -0.642929, -5.80809E-005, -0.642929, -5.80809E-005, -0.642929, -5.80809E-005, 0, 0
11, 1980.00000, -0.643346, 1.05148E-005, -0.643346, 1.05148E-005, -0.643346, 1.05148E-005, 0, 0
11, 2040.00000, -0.579242, -5.24333E-005, -0.579242, -5.24333E-005, -0.579242, -5.24333E-005, 0, 0
11, 2100.00000, -0.579536, 9.52898E-006, -0.579536, 9.52898E-006, -0.579536, 9.52898E-006, 0, 0
11, 2160.00000, -0.579592, -1.69387E-006, -0.579592, -1.69387E-006, -0.579592, -1.69387E-006, 0, 0
11, 2220.00000, -0.579528, 3.10174E-007, -0.579528, 3.10174E-007, -0.579528, 3.10174E-007, 0, 0
11, 2280.00000, -0.515344, -4.62205E-005, -0.515344, -4.62205E-005, -0.515344, -4.62205E-005, 0, 0
11, 2340.00000, -0.450877, -3.89564E-005, -0.450877, -3.89564E-005, -0.450877, -3.89564E-005, 0, 0
11, 2400.00000, -0.450986, 6.98914E-006, -0.450986, 6.98914E-006, -0.450986, 6.98914E-006, 0, 0
11, 2460.00000, -0.451032, -1.22247E-006, -0.451032, -1.22247E-006, -0.451032, -1.22247E-006, 0, 0
11, 2520.00000, -0.38675, -3.46686E-005, -0.38675, -3.46686E-005, -0.38675, -3.46686E-005, 0, 0
11, 2580.00000, -0.322473, -2.77883E-005, -0.322473, -2.77883E-005, -0.322473, -2.77883E-005, 0, 0
11, 2640.00000, -0.322531, 4.9931E-006, -0.322531, 4.9931E-006, -0.322531, 4.9931E-006, 0, 0
11, 2700.00000, -0.322674, -8.91876E-007, -0.322674, -8.91876E-007, -0.322674, -8.91876E-007, 0, 0
11, 2760.00000, -0.322786, 1.34553E-007, -0.322786, 1.34553E-007, -0.322786, 1.34553E-007, 0, 0
11, 2820.00000, -0.322894, -3.66866E-008, -0.322894, -3.66866E-008, -0.322894, -3.66866E-008, 0, 0
11, 2880.00000, -0.322801, 2.4918E-008, -0.322801, 2.4918E-008, -0.322801, 2.4918E-008, 0, 0
11, 2940.00000, -0.322761, -1.12694E-009, -0.322761, -1.12694E-009, -0.322761, -1.12694E-009, 0, 0
11, 3000.00000, -0.323005, -4.25595E-008, -0.323005, -4.25595E-008, -0.323005, -4.25595E-008, 0, 0
11, 3060.00000, -0.323179, -1.37222E-008, -0.323179, -1.37222E-008, -0.323179, -1.37222E-008, 0, 0
11, 3120.00000, -0.323301, -1.42233E-008, -0.323301, -1.42233E-008, -0.323301, -1.42233E-008, 0, 0
11, 3180.00000, -0.323339, -6.90123E-010, -0.323339, -6.90122E-010, -0.323339, -6.90123E-010, 0, 0
11, 3240.00000, -0.323357, -2.32449E-009, -0.323357, -2.32449E-009, -0.323357, -2.32449E-009, 0, 0
11, 3300.00000, -0.323486, -2.13183E-008, -0.323486, -2.13183E-008, -0.323486, -2.13183E-008, 0, 0
11, 3360.00000, -0.323649, -1.98748E-008, -0.323649, -1.98748E-008, -0.323649, -1.98748E-008, 0, 0
11, 3420.00000, -0.323484, 3.68424E-008, -0.323484, 3.68424E-008, -0.323484, 3.68424E-008, 0, 0
11, 3480.00000, -0.323504, -1.68186E-008, -0.323504, -1.68186E-008, -0.323504, -1.68186E-008, 0, 0
11, 3540.00000, -0.323586, -9.00595E-009, -0.323586, -9.00595E-009, -0.323586, -9.00595E-009, 0, 0
12, 0.00000, -0.323613, -6.19221E-010, -0.323613, -6.19221E-010, -0.323613, -6.1922E-010, 0, 0
12, 60.00000, -0.323454, 2.78708E-008, -0.323454, 2.78708E-008, -0.323454, 2.78708E-008, 0, 0
12, 120.00000, -0.323262, 2.253E-008, -0.323262, 2.253E-008, -0.323262, 2.253E-008, 0, 0
12, 180.00000, -0.322998, 3.59397E-008, -0.322998, 3.59397E-008, -0.322998, 3.59397E-008, 0, 0
12, 240.00000, -0.322985, -1.22085E-008, -0.322985, -1.22085E-008, -0.322985, -1.22085E-008, 0, 0
12, 300.00000, -0.323093, -1.53833E-008, -0.323093, -1.53833E-008, -0.323093, -1.53833E-008, 0, 0
12, 360.00000, -0.323138, -1.46882E-009, -0.323138, -1.46882E-009, -0.323138, -1.46882E-009, 0, 0
12, 420.00000, -0.323007, 2.37217E-008, -0.323007, 2.37217E-008, -0.323007, 2.37217E-008, 0, 0
12, 480.00000, -0.323012, -9.77003E-009, -0.323012, -9.77003E-009, -0.323012, -9.77003E-009, 0, 0
12, 540.00000, -0.323098, -1.19622E-008, -0.323098, -1.19622E-008, -0.323098, -1.19622E-008, 0, 0
12, 600.00000, -0.323231, -1.80641E-008, -0.323231, -1.80641E-008, -0.323231, -1.80641E-008, 0, 0
12, 660.00000, -0.323446, -2.97064E-008, -0.323446, -2.97064E-008, -0.323446, -2.97064E-008, 0, 0
12, 720.00000, -0.32366, -2.50602E-008, -0.32366, -2.50602E-008, -0.32366, -2.50602E-008, 0, 0
12, 780.00000, -0.323993, -4.67442E-008, -0.323993, -4.67442E-008, -0.323993, -4.67442E-008, 0, 0
12, 840.00000, -0.324153, -8.97689E-009, -0.324153, -8.97689E-009, -0.324153, -8.97689E-009, 0, 0
12, 900.00000, -0.324225, -7.33831E-009, -0.324225, -7.33831E-009, -0.324225, -7.33831E-009, 0, 0
12, 960.00000, -0.324384, -2.42416E-008, -0.324384, -2.42416E-008, -0.324384, -2.42416E-008, 0, 0
12, 1020.00000, -0.324632, -3.35279E-008, -0.324632, -3.35279E-008, -0.324632, -3.35279E-008, 0, 0
12, 1080.00000, -0.324747, -6.27225E-009, -0.324747, -6.27225E-009, -0.324747, -6.27225E-009, 0, 0
12, 1140.00000, -0.324682, 1.49959E-008, -0.324682, 1.49959E-008, -0.324682, 1.49959E-008, 0, 0
12, 1200.00000, -0.324562, 1.52575E-008, -0.324562, 1.52575E-008, -0.324562, 1.52575E-008, 0, 0
12, 1260.00000, -0.324549, -4.02989E-009, -0.324549, -4.02989E-009, -0.324549, -4.02989E-009, 0, 0
12, 1320.00000, -0.324447, 1.85697E-008, -0.324447, 1.85697E-008, -0.324447, 1.85697E-008, 0, 0
12, 1380.00000, -0.324666, -4.49047E-008, -0.324666, -4.49047E-008, -0.324666, -4.49047E-008, 0, 0
12, 1440.00000, -0.324852, -1.5677E-008, -0.324852, -1.5677E-008, -0.324852, -1.5677E-008, 0, 0
12, 1500.00000, -0.324883, 2.17288E-009, -0.324883, 2.17288E-009, -0.324883, 2.17288E-009, 0, 0
12, 1560.00000, -0.324973, -1.59156E-008, -0.324973, -1.59156E-008, -0.324973, -1.59156E-008, 0, 0
12, 1620.00000, -0.325019, -1.84848E-009, -0.325019, -1.84848E-009, -0.325019, -1.84848E-009, 0, 0
12, 1680.00000, -0.325107, -1.39872E-008, -0.325107, -1.39872E-008, -0.325107, -1.39872E-008, 0, 0
12, 1740.00000, -0.325193, -9.49454E-009, -0.325193, -9.49454E-009, -0.325193, -9.49454E-009, 0, 0
12, 1800.00000, -0.32522, -5.61912E-010, -0.32522, -5.61912E-010, -0.32522, -5.61912E-010, 0, 0
12, 1860.00000, -0.325362, -2.41444E-008, -0.325362, -2.41444E-008, -0.325362, -2.41444E-008, 0, 0
12, 1920.00000, -0.325389, 4.52109E-009, -0.325389, 4.52109E-009, -0.325389, 4.52109E-009, 0, 0
12, 1980.00000, -0.325428, -7.49256E-009, -0.325428, -7.49256E-009, -0.325428, -7.49256E-009, 0, 0
12, 2040.00000, -0.325473, -5.15956E-009, -0.325473, -5.15956E-009, -0.325473, -5.15956E-009, 0, 0
12, 2100.00000, -0.325505, -3.24676E-009, -0.325505, -3.24676E-009, -0.325505, -3.24676E-009, 0, 0
12, 2160.00000, -0.325593, -1.38785E-008, -0.325593, -1.38785E-008, -0.325593, -1.38785E-008, 0, 0
12, 2220.00000, -0.325599, 4.23604E-009, -0.325599, 4.23604E-009, -0.325599, 4.23604E-009, 0, 0
12, 2280.00000, -0.325658, -1.13058E-008, -0.325658, -1.13058E-008, -0.325658, -1.13058E-008, 0, 0
12, 2340.00000, -0.325916, -4.06392E-008, -0.325916, -4.06392E-008, -0.325916, -4.06392E-008, 0, 0
12, 2400.00000, -0.325857, 2.61316E-008, -0.325857, 2.61316E-008, -0.325857, 2.61316E-008, 0, 0
12, 2460.00000, -0.325592, 3.7489E-008, -0.325592, 3.7489E-008, -0.325592, 3.7489E-008, 0, 0
12, 2520.00000, -0.325609, -1.80195E-008, -0.325609, -1.80195E-008, -0.325609, -1.80195E-008, 0, 0
12, 2580.00000, -0.325787, -2.55559E-008, -0.325787, -2.55559E-008, -0.325787, -2.55559E-008, 0, 0
12, 2640.00000, -0.325884, -6.47336E-009, -0.325884, -6.47336E-009, -0.325884, -6.47336E-009, 0, 0
12, 2700.00000, -0.326224, -5.55703E-008, -0.326224, -5.55703E-008, -0.326224, -5.55703E-008, 0, 0
12, 2760.00000, -0.326309, 6.48852E-009, -0.326309, 6.48852E-009, -0.326309, 6.48852E-009, 0, 0
12, 2820.00000, -0.326345, -6.69416E-009, -0.326345, -6.69416E-009, -0.326345, -6.69416E-009, 0, 0
12, 2880.00000, -0.326434, -1.30382E-008, -0.326434, -1.30382E-008, -0.326434, -1.30382E-008, 0, 0
12, 2940.00000, -0.326415, 8.37008E-009, -0.326415, 8.37008E-009, -0.326415, 8.37008E-009, 0, 0
12, 3000.00000, -0.326603, -3.53897E-008, -0.326603, -3.53897E-008, -0.326603, -3.53897E-008, 0, 0
12, 3060.00000, -0.326818, -2.42419E-008, -0.326818, -2.42419E-008, -0.326818, -2.42419E-008, 0, 0
12, 3120.00000, -0.326818, 1.05667E-008, -0.326818, 1.05667E-008, -0.326818, 1.05667E-008, 0, 0
12, 3180.00000, -0.326469, 5.74968E-008, -0.326469, 5.74968E-008, -0.326469, 5.74968E-008, 0, 0
12, 3240.00000, -0.326456, -1.99569E-008, -0.326456, -1.99569E-008, -0.326456, -1.99569E-008, 0, 0
12, 3300.00000, -0.326483, 7.40176E-010, -0.326483, 7.40176E-010, -0.326483, 7.40176E-010, 0, 0
12, 3360.00000, -0.326488, -3.2424E-010, -0.326488, -3.2424E-010, -0.326488, -3.2424E-010, 0, 0
12, 3420.00000, -0.326847, -6.25602E-008, -0.326847, -6.25602E-008, -0.326847, -6.25602E-008, 0, 0
12, 3480.00000, -0.326951, 5.74314E-009, -0.326951, 5.74314E-009, -0.326951, 5.74314E-009, 0, 0
12, 3540.00000, -0.326958, -1.03583E-009, -0.326958, -1.03583E-009, -0.326958, -1.03583E-009, 0, 0
13, 0.00000, -0.326944, 2.54566E-009, -0.326944, 2.54566E-009, -0.326944, 2.54566E-009, 0, 0
13, 60.00000, -0.326958, -3.29733E-009, -0.326958, -3.29733E-009, -0.326958, -3.29733E-009, 0, 0
